index,scene,difficulty,annotator,shadows_marked,clear_percent,cloud_percent,shadow_percent,dataset,forest/jungle,snow/ice,agricultural,urban/developed,coastal,hills/mountains,desert/barren,shrublands/plains,wetland/bog/marsh,open_water,enclosed_water,thin,thick,low,high,isolated,extended,cumulus,cumulonimbus,altocumulus/stratocumulus,cirrus,haze/fog,ice_clouds,contrails
0,S2A_MSIL1C_20180101T010721_N0206_R045_T53HLD_20180101T041600,1,A,1,0.0,100.0,0.0,MAIN,0,0,0,0,0,0,0,0,0,0,0,0,1,1,0,0,1,1,0,1,0,0,0,0
1,S2A_MSIL1C_20180101T074231_N0206_R049_T37LDJ_20180101T111527,4,B,1,2.857104560720892,94.90762903021972,2.2352664090594017,MAIN,0,0,1,1,0,0,0,1,0,0,0,1,1,1,1,0,1,1,0,1,1,0,1,0
2,S2A_MSIL1C_20180102T084341_N0206_R064_T36TVP_20180102T110333,4,B,1,75.11546371222538,15.194967084225324,9.689569203549313,MAIN,0,0,0,0,0,0,0,0,0,1,0,0,1,1,0,1,0,1,0,0,0,0,0,0
3,S2A_MSIL1C_20180107T111431_N0206_R137_T31VEE_20180107T130945,2,B,1,0.0,99.54053867747135,0.4594613225286362,MAIN,0,0,0,0,0,0,0,0,0,1,0,0,1,1,0,0,1,1,0,1,0,0,0,0
4,S2A_MSIL1C_20180108T104421_N0206_R008_T31TEF_20180108T124506,1,B,1,0.0,100.0,0.0,MAIN,0,0,0,0,0,0,0,0,0,0,0,0,1,1,1,0,1,1,0,1,1,0,0,0
5,S2A_MSIL1C_20180113T234301_N0206_R087_T57JUL_20180114T004417,4,B,1,0.4137928393350209,98.60524431202393,0.9809628486410517,VALIDATION,0,0,0,0,0,0,0,0,0,1,0,1,1,1,1,0,1,1,0,1,0,0,0,0
6,S2A_MSIL1C_20180117T111401_N0206_R137_T30UWB_20180117T131537,3,B,1,74.53441124995692,17.91401304376132,7.551575706281763,MAIN,1,0,1,1,0,0,0,0,0,0,1,1,1,1,0,1,0,1,0,0,0,1,0,0
7,S2A_MSIL1C_20180123T000731_N0206_R073_T56LPR_20180123T013338,3,A,1,0.0,99.87639829810699,0.12360170189299212,VALIDATION,0,0,0,0,0,0,0,0,0,1,0,1,1,1,1,0,1,0,1,0,1,1,1,0
8,S2A_MSIL1C_20180124T230901_N0206_R101_T58LGM_20180125T151052,1,B,1,0.0,100.0,0.0,MAIN,0,0,0,0,0,0,0,0,0,0,0,0,1,0,1,0,1,0,0,0,1,0,1,0
9,S2A_MSIL1C_20180125T071151_N0206_R106_T41VPF_20180125T091423,1,A,1,100.0,0.0,0.0,MAIN,1,1,1,1,0,0,0,0,0,0,0,0,0,0,0,0,0,0,0,0,0,0,0,0
10,S2A_MSIL1C_20180126T032011_N0206_R118_T49TGK_20180126T083810,4,B,0,76.7775284255192,23.2224715744808,0.0,CALIBRATION,0,1,0,0,0,0,1,0,0,0,0,1,0,0,1,1,0,0,0,0,1,0,0,0
11,S2A_MSIL1C_20180127T231851_N0206_R001_T58LDK_20180128T003041,1,A,1,0.0,100.0,0.0,MAIN,0,0,0,0,0,0,0,0,0,0,0,0,1,0,1,0,1,0,0,0,1,0,1,0
12,S2A_MSIL1C_20180130T194641_N0206_R042_T09UVS_20180130T211225,2,B,0,51.55483473179101,48.44516526820899,0.0,MAIN,0,0,0,0,0,0,0,0,0,1,0,1,1,1,1,1,0,1,1,0,1,0,0,0
13,S2A_MSIL1C_20180130T232841_N0206_R044_T58KBF_20180131T004509,3,B,1,59.765874824315176,35.060470050283215,5.173655125401633,MAIN,0,0,0,0,0,0,0,0,0,1,0,1,1,1,1,1,0,1,0,0,1,0,0,0
14,S2A_MSIL1C_20180201T142241_N0206_R067_T14CNV_20180201T172203,1,B,1,0.0,100.0,0.0,MAIN,0,0,0,0,0,0,0,0,0,0,0,0,1,0,1,0,1,0,1,0,1,0,0,0
15,S2A_MSIL1C_20180201T153611_N0206_R068_T18NUL_20180201T190246,4,B,0,24.383906311633307,68.62125221640542,6.9948414719612755,MAIN,1,0,0,0,0,1,0,0,0,0,0,0,1,1,1,1,1,1,0,0,1,0,0,0
16,S2A_MSIL1C_20180202T081241_N0206_R078_T38VPM_20180202T115303,5,A,0,47.423033765955246,52.576966234044754,0.0,MAIN,1,1,0,0,0,0,0,0,0,0,0,1,1,1,0,0,1,1,0,1,0,0,0,0
17,S2A_MSIL1C_20180202T135001_N0206_R081_T16CDU_20180202T195350,1,A,1,100.0,0.0,0.0,MAIN,0,1,0,0,0,0,0,0,0,0,0,0,0,0,0,0,0,0,0,0,0,0,0,0
18,S2A_MSIL1C_20180206T093151_N0206_R136_T35UMA_20180206T115201,1,A,1,0.0,100.0,0.0,MAIN,0,1,1,0,0,0,0,0,0,0,0,1,1,1,0,0,1,1,0,1,0,0,0,0
19,S2A_MSIL1C_20180208T020441_N0206_R017_T50HPK_20180208T051613,1,B,1,0.0,100.0,0.0,MAIN,0,0,0,0,0,0,0,0,0,0,0,1,1,1,0,0,1,1,0,1,0,0,0,0
20,S2A_MSIL1C_20180209T112221_N0206_R037_T29RKM_20180209T164004,4,B,1,35.579386567912955,50.66338976949385,13.757223662593205,MAIN,0,0,0,0,1,0,1,0,0,1,0,0,1,1,0,1,0,1,0,0,0,0,0,0
21,S2A_MSIL1C_20180210T145251_N0206_R053_T14CMC_20180210T210218,1,A,1,0.0,100.0,0.0,MAIN,0,0,0,0,0,0,0,0,0,0,0,0,1,1,0,0,1,1,0,1,0,0,1,0
22,S2A_MSIL1C_20180211T234711_N0206_R073_T60WWT_20180212T011403,1,A,1,0.0,100.0,0.0,MAIN,0,0,0,0,0,0,0,0,0,0,0,0,1,1,1,0,1,1,0,1,1,0,0,0
23,S2A_MSIL1C_20180213T092101_N0206_R093_T35VPC_20180213T114024,1,B,1,0.0,100.0,0.0,MAIN,0,0,0,0,0,0,0,0,0,0,0,0,1,1,1,0,1,1,0,1,1,0,0,0
24,S2A_MSIL1C_20180216T161341_N0206_R140_T17SMU_20180216T212830,4,B,0,61.417408021568534,38.582591978431466,0.0,MAIN,1,0,1,1,0,0,0,0,0,0,0,1,1,1,1,1,0,1,0,0,1,0,0,0
25,S2A_MSIL1C_20180217T230821_N0206_R015_T52CEU_20180218T001105,2,B,1,100.0,0.0,0.0,MAIN,0,1,0,0,0,0,0,0,0,0,0,0,0,0,0,0,0,0,0,0,0,0,0,0
26,S2A_MSIL1C_20180218T050851_N0206_R019_T45STS_20180218T085216,4,A,1,96.84322593740066,1.8876306386694288,1.2691434239299022,MAIN,0,0,0,0,0,1,1,0,0,0,0,1,0,1,0,1,0,1,0,0,0,0,0,0
27,S2A_MSIL1C_20180219T094031_N0206_R036_T32QQF_20180219T114328,1,B,1,100.0,0.0,0.0,MAIN,0,0,0,0,0,0,1,0,0,0,0,0,0,0,0,0,0,0,0,0,0,0,0,0
28,S2A_MSIL1C_20180221T001621_N0206_R059_T58VEJ_20180221T020439,3,A,0,97.13236392323866,2.8676360767613485,0.0,MAIN,0,0,0,0,0,0,0,0,0,1,0,0,1,1,0,1,0,1,0,0,0,0,0,0
29,S2A_MSIL1C_20180221T065911_N0206_R063_T40RBV_20180221T103641,1,B,1,0.0,100.0,0.0,MAIN,0,0,0,0,0,0,0,0,0,0,0,0,1,1,1,0,1,1,0,1,1,0,1,0
30,S2A_MSIL1C_20180221T083951_N0206_R064_T34LCR_20180221T123030,3,A,1,5.606404693609476,94.39359530639051,0.0,VALIDATION,1,0,0,0,0,0,0,1,0,0,0,1,1,1,1,0,1,1,0,0,1,0,1,0
31,S2A_MSIL1C_20180222T030731_N0206_R075_T52WDT_20180222T064500,1,B,1,100.0,0.0,0.0,MAIN,0,1,0,0,0,1,0,0,0,0,0,0,0,0,0,0,0,0,0,0,0,0,0,0
32,S2A_MSIL1C_20180222T080931_N0206_R078_T34JGP_20180222T115448,1,A,1,100.0,0.0,0.0,MAIN,0,0,0,0,0,0,0,1,0,0,0,0,0,0,0,0,0,0,0,0,0,0,0,0
33,S2A_MSIL1C_20180225T013651_N0206_R117_T55VCC_20180225T050918,2,B,1,0.0,100.0,0.0,MAIN,0,1,0,0,0,0,0,0,0,0,0,1,0,1,0,0,1,1,0,1,0,0,0,0
34,S2A_MSIL1C_20180225T031711_N0206_R118_T49TGN_20180225T074747,2,B,1,100.0,0.0,0.0,MAIN,0,1,0,0,0,0,1,0,0,0,0,0,0,0,0,0,0,0,0,0,0,0,0,0
35,S2A_MSIL1C_20180225T045751_N0206_R119_T45TXE_20180225T084222,3,A,1,100.0,0.0,0.0,VALIDATION,0,0,0,0,0,0,1,0,0,0,0,0,0,0,0,0,0,0,0,0,0,0,0,0
36,S2A_MSIL1C_20180227T154211_N0206_R011_T19UDS_20180227T205009,3,A,0,0.6699959022828497,99.33000409771715,0.0,MAIN,1,1,0,0,0,0,0,0,0,0,0,1,1,1,0,0,1,1,0,1,0,0,0,0
37,S2A_MSIL1C_20180304T080821_N0206_R078_T37RCP_20180304T101233,2,B,1,99.27514447325187,0.7248555267481359,0.0,MAIN,0,0,0,0,0,0,1,0,0,0,0,1,0,0,1,1,0,0,0,0,1,0,0,0
38,S2A_MSIL1C_20180305T092031_N0206_R093_T34RCV_20180305T104344,1,A,1,100.0,0.0,0.0,MAIN,0,0,0,0,0,0,0,0,0,1,0,0,0,0,0,0,0,0,0,0,0,0,0,0
39,S2A_MSIL1C_20180308T060701_N0206_R134_T43UET_20180308T095549,1,A,1,100.0,0.0,0.0,MAIN,0,1,0,0,0,0,0,0,0,0,1,0,0,0,0,0,0,0,0,0,0,0,0,0
40,S2A_MSIL1C_20180308T074751_N0206_R135_T37PDR_20180308T110330,1,A,1,100.0,0.0,0.0,MAIN,0,0,1,1,0,1,0,1,0,0,0,0,0,0,0,0,0,0,0,0,0,0,0,0
41,S2A_MSIL1C_20180308T093031_N0206_R136_T33RXH_20180308T113331,1,A,1,100.0,0.0,0.0,MAIN,0,0,0,0,0,0,1,0,0,0,0,0,0,0,0,0,0,0,0,0,0,0,0,0
42,S2A_MSIL1C_20180309T005701_N0206_R002_T54KUD_20180309T022437,3,A,1,0.0,100.0,0.0,MAIN,0,0,0,0,0,0,0,0,0,0,0,0,1,1,1,0,1,1,0,1,1,0,1,0
43,S2A_MSIL1C_20180309T071721_N0206_R006_T37LFE_20180309T110254,4,A,1,74.70578773825163,18.308274707894046,6.985937553854344,MAIN,1,0,0,0,0,0,0,1,0,0,0,0,1,1,0,1,0,1,0,0,0,0,0,0
44,S2A_MSIL1C_20180310T165111_N0206_R026_T17VNJ_20180310T220933,1,A,1,100.0,0.0,0.0,MAIN,0,1,0,0,0,0,0,0,0,0,0,0,0,0,0,0,0,0,0,0,0,0,0,0
45,S2A_MSIL1C_20180310T201241_N0206_R028_T09VWK_20180311T012555,5,A,0,89.76834494353193,10.231655056468076,0.0,MAIN,0,1,0,0,0,1,0,0,0,0,0,1,0,1,0,1,0,1,0,0,0,1,0,0
46,S2A_MSIL1C_20180311T162041_N0206_R040_T16RDR_20180311T212823,3,A,0,76.03601395521616,23.96398604478384,0.0,MAIN,0,0,0,0,0,0,0,0,0,1,0,1,1,1,0,1,0,1,0,0,0,0,0,0
47,S2A_MSIL1C_20180314T095031_N0206_R079_T32QNM_20180314T115907,1,B,1,100.0,0.0,0.0,MAIN,0,0,0,0,0,1,1,0,0,0,0,0,0,0,0,0,0,0,0,0,0,0,0,0
48,S2A_MSIL1C_20180317T031541_N0206_R118_T49RBL_20180317T065422,1,A,1,0.0,100.0,0.0,MAIN,0,0,0,0,0,0,0,0,0,0,0,0,1,1,0,0,1,1,0,1,0,0,0,0
49,S2A_MSIL1C_20180317T045651_N0206_R119_T50XMG_20180317T075452,1,A,1,100.0,0.0,0.0,MAIN,0,1,0,0,0,1,0,0,0,0,0,0,0,0,0,0,0,0,0,0,0,0,0,0
50,S2A_MSIL1C_20180319T085701_N0206_R007_T37WFM_20180319T110236,5,B,0,52.31521018991196,47.68478981008804,0.0,MAIN,1,1,0,0,0,0,0,0,0,0,0,1,1,1,1,0,1,1,0,0,1,0,0,0
51,S2A_MSIL1C_20180320T002701_N0206_R016_T55JCN_20180320T020049,1,A,1,100.0,0.0,0.0,MAIN,0,0,1,0,0,0,0,1,0,0,0,0,0,0,0,0,0,0,0,0,0,0,0,0
52,S2A_MSIL1C_20180320T101021_N0206_R022_T31QFU_20180320T135434,1,A,1,100.0,0.0,0.0,MAIN,0,0,0,0,0,0,1,0,0,0,0,0,0,0,0,0,0,0,0,0,0,0,0,0
53,S2A_MSIL1C_20180320T183041_N0206_R027_T12UWC_20180320T220230,5,B,0,56.11402376675946,43.88597623324053,0.0,VALIDATION,0,1,0,0,0,0,0,0,0,0,0,1,0,0,1,1,1,1,0,0,1,0,0,0
54,S2A_MSIL1C_20180321T075621_N0206_R035_T34HGK_20180321T101406,1,B,1,100.0,0.0,0.0,MAIN,0,0,0,0,0,1,1,0,0,0,0,0,0,0,0,0,0,0,0,0,0,0,0,0
55,S2A_MSIL1C_20180321T094031_N0206_R036_T32QQL_20180321T115059,1,A,1,100.0,0.0,0.0,MAIN,0,0,0,0,0,0,1,0,0,0,0,0,0,0,0,0,0,0,0,0,0,0,0,0
56,S2A_MSIL1C_20180321T111741_N0206_R037_T35XLC_20180321T114246,1,A,0,0.0,100.0,0.0,MAIN,0,0,0,0,0,0,0,0,0,1,0,0,1,1,1,1,1,0,1,0,0,0,0,0
57,S2A_MSIL1C_20180321T132231_N0206_R038_T22HEK_20180321T150400,3,B,1,42.969638596665924,42.66412889043777,14.366232512896321,MAIN,0,0,0,0,0,0,0,0,0,1,0,0,1,1,0,1,0,1,0,0,0,0,0,0
58,S2A_MSIL1C_20180324T080601_N0206_R078_T47XMK_20180324T083207,1,B,1,0.0,100.0,0.0,MAIN,0,1,0,0,0,0,0,0,0,0,0,0,1,0,1,0,1,0,0,0,1,0,0,0
59,S2A_MSIL1C_20180325T011721_N0206_R088_T53MQR_20180325T024627,4,A,0,50.36544360660383,49.63455639339617,0.0,MAIN,1,0,0,1,0,0,0,0,0,0,0,0,1,1,0,1,1,1,1,0,0,0,0,0
60,S2A_MSIL1C_20180326T084601_N0206_R107_T33MZR_20180326T141333,2,B,1,100.0,0.0,0.0,MAIN,1,0,0,1,0,0,0,1,0,0,1,0,0,0,0,0,0,0,0,0,0,0,0,0
61,S2A_MSIL1C_20180327T151701_N0206_R125_T19NBJ_20180327T203443,1,A,1,0.0,100.0,0.0,MAIN,0,0,1,0,0,0,0,0,0,0,0,1,1,1,1,0,1,1,0,1,1,0,1,0
62,S2A_MSIL1C_20180327T163911_N0206_R126_T17VNF_20180327T215534,1,A,1,0.0,100.0,0.0,MAIN,0,0,0,0,0,0,0,0,0,0,0,0,1,0,1,0,1,1,0,1,1,0,1,0
63,S2A_MSIL1C_20180403T030541_N0206_R075_T53WNV_20180403T060513,5,A,1,0.0,100.0,0.0,MAIN,0,1,0,0,0,0,0,0,0,0,0,1,0,0,1,0,1,0,0,0,1,0,0,0
64,S2A_MSIL1C_20180403T095031_N0206_R079_T34UDC_20180403T115447,2,B,1,0.0,100.0,0.0,MAIN,1,0,1,0,0,0,0,0,0,0,0,1,1,1,1,0,1,1,0,1,1,0,1,0
65,S2A_MSIL1C_20180404T023551_N0206_R089_T49NFB_20180404T061047,5,B,1,7.048456462712688,91.20752448098774,1.74401905629957,MAIN,1,0,0,0,0,0,0,0,0,0,0,1,1,1,0,1,1,1,0,1,0,0,0,0
66,S2A_MSIL1C_20180407T110621_N0206_R137_T31UCV_20180407T132633,1,A,1,0.0,100.0,0.0,VALIDATION,0,0,0,0,0,0,0,0,0,0,0,0,1,0,1,0,1,0,0,0,1,0,1,0
67,S2A_MSIL1C_20180407T211031_N0206_R143_T11XMF_20180407T230149,1,B,1,100.0,0.0,0.0,MAIN,0,1,0,0,0,0,0,0,0,0,0,0,0,0,0,0,0,0,0,0,0,0,0,0
68,S2A_MSIL1C_20180409T014651_N0206_R017_T53SMC_20180409T033558,3,A,0,96.58989510610023,3.410104893899763,0.0,MAIN,0,0,0,0,0,0,0,0,0,1,0,0,1,1,0,1,0,1,0,0,0,0,0,0
69,S2A_MSIL1C_20180410T214911_N0206_R043_T02LKH_20180410T231102,1,A,1,0.0,100.0,0.0,VALIDATION,0,0,0,0,0,0,0,0,0,1,0,1,1,0,1,0,1,1,0,1,1,0,0,0
70,S2A_MSIL1C_20180412T065621_N0206_R063_T44WMC_20180412T090348,1,A,1,0.0,100.0,0.0,MAIN,0,1,0,0,0,0,0,0,0,0,0,1,0,0,1,0,1,0,1,0,1,0,0,0
71,S2A_MSIL1C_20180416T081601_N0206_R121_T34HDH_20180416T115825,1,B,1,0.0,100.0,0.0,MAIN,0,0,0,0,0,0,0,1,0,0,0,1,1,0,1,0,1,0,0,0,1,0,1,0
72,S2A_MSIL1C_20180420T011651_N0206_R031_T57WWT_20180420T030851,2,B,1,0.0,100.0,0.0,MAIN,0,0,0,0,0,0,0,0,0,0,0,0,1,1,0,0,1,1,0,1,0,0,1,0
73,S2A_MSIL1C_20180421T072621_N0206_R049_T39TUE_20180421T093114,1,B,1,0.0,100.0,0.0,MAIN,0,0,0,0,0,0,0,0,0,0,0,0,1,0,1,0,1,0,1,0,0,0,0,0
74,S2A_MSIL1C_20180422T033541_N0206_R061_T49UFV_20180422T062036,1,A,1,100.0,0.0,0.0,MAIN,1,1,0,0,0,0,0,1,0,0,0,0,0,0,0,0,0,0,0,0,0,0,0,0
75,S2A_MSIL1C_20180422T033541_N0206_R061_T50VNK_20180422T062036,1,B,1,0.0,100.0,0.0,MAIN,0,1,0,0,0,0,0,0,0,0,0,1,0,0,1,0,1,0,0,0,1,0,0,0
76,S2A_MSIL1C_20180423T095031_N0206_R079_T31NHG_20180423T133029,3,B,1,27.52459587700721,60.993083666193066,11.482320456799721,MAIN,1,0,1,1,0,0,0,0,0,0,0,0,1,1,0,1,0,1,0,0,0,0,0,0
77,S2A_MSIL1C_20180424T224531_N0206_R101_T02ULC_20180425T003707,3,A,0,30.99090077014105,69.00909922985895,0.0,MAIN,0,0,0,0,0,0,0,0,0,1,0,1,1,1,1,1,1,1,1,0,0,0,1,0
78,S2A_MSIL1C_20180429T014651_N0206_R017_T53TNJ_20180429T034517,2,B,0,94.50379326059567,5.496206739404338,0.0,MAIN,0,0,0,0,1,0,0,0,0,1,0,1,0,0,1,1,0,0,0,0,1,0,0,0
79,S2A_MSIL1C_20180429T135111_N0206_R024_T21JWJ_20180429T153821,5,A,0,96.9064150336434,3.0935849663565933,0.0,MAIN,1,0,1,0,0,0,0,0,0,0,0,1,0,0,1,1,0,0,0,0,1,0,0,0
80,S2A_MSIL1C_20180430T043701_N0206_R033_T46RBU_20180430T082134,5,B,1,41.34931698331425,49.215880760260575,9.43480225642518,MAIN,0,1,0,0,0,1,0,1,0,0,0,1,1,1,1,1,0,1,0,0,0,0,1,0
81,S2A_MSIL1C_20180430T111621_N0206_R037_T40XDR_20180430T132750,3,B,1,86.5347865548922,5.279161767916023,8.1860516771918,MAIN,0,1,0,0,0,0,0,0,0,0,0,1,1,1,0,1,0,1,0,0,0,0,0,0
82,S2A_MSIL1C_20180503T044701_N0206_R076_T47VLC_20180503T082853,1,A,1,0.0,100.0,0.0,MAIN,0,0,0,0,0,0,0,0,0,0,0,0,1,0,1,0,1,0,0,0,1,0,1,0
83,S2A_MSIL1C_20180504T005651_N0206_R088_T57VVK_20180504T024815,3,A,0,73.93325316615669,26.066746833843307,0.0,VALIDATION,0,1,0,0,0,1,0,0,0,0,0,1,1,1,1,1,0,1,0,1,1,0,0,0
84,S2A_MSIL1C_20180504T092031_N0206_R093_T33QXD_20180504T112905,1,B,1,100.0,0.0,0.0,MAIN,0,0,0,0,0,0,1,0,0,0,0,0,0,0,0,0,0,0,0,0,0,0,0,0
85,S2A_MSIL1C_20180505T084601_N0206_R107_T36TUQ_20180505T100835,1,A,1,100.0,0.0,0.0,MAIN,0,0,0,0,0,0,0,0,0,1,0,0,0,0,0,0,0,0,0,0,0,0,0,0
86,S2A_MSIL1C_20180506T002101_N0206_R116_T55KFA_20180506T014715,3,B,1,96.59812883682275,2.4258868493916608,0.9759843137855629,MAIN,0,0,0,0,0,0,0,0,0,1,0,1,1,1,0,1,0,1,0,0,0,0,0,0
87,S2A_MSIL1C_20180506T135631_N0206_R124_T20FNH_20180509T031747,3,B,1,0.0,99.4142562260408,0.585743773959199,MAIN,0,0,0,0,0,0,0,0,0,1,0,0,1,1,1,1,1,1,0,1,1,0,1,0
88,S2A_MSIL1C_20180506T195901_N0206_R128_T20XNR_20180509T042006,1,A,1,0.0,100.0,0.0,MAIN,0,1,0,0,0,0,0,0,0,0,0,1,0,0,1,0,1,0,0,0,1,0,0,0
89,S2A_MSIL1C_20180507T110621_N0206_R137_T32WPV_20180507T131836,3,B,0,9.89167857047116,90.10832142952884,0.0,MAIN,0,0,0,0,0,0,0,0,0,1,0,1,1,1,0,1,1,1,1,1,0,0,1,0
90,S2A_MSIL1C_20180507T130031_N0206_R138_T25SGD_20180507T144948,3,B,0,35.900406325037046,64.09959367496295,0.0,MAIN,0,0,0,0,0,0,0,0,0,1,0,1,1,1,1,1,1,1,0,0,1,0,1,0
91,S2A_MSIL1C_20180507T174911_N0206_R141_T15WXQ_20180507T213154,1,A,1,0.0,100.0,0.0,MAIN,0,1,0,0,0,0,0,0,0,0,0,1,1,1,1,0,1,1,0,1,1,0,0,0
92,S2A_MSIL1C_20180509T115401_N0206_R023_T30VUN_20180509T171240,1,B,1,0.0,100.0,0.0,MAIN,0,0,0,0,0,0,0,0,0,0,0,0,1,0,1,0,1,0,0,0,1,0,1,0
93,S2A_MSIL1C_20180509T222541_N0206_R029_T59GPQ_20180510T012429,3,A,1,0.0,100.0,0.0,MAIN,0,0,0,0,0,0,0,0,0,0,0,1,1,0,1,0,1,0,0,0,1,0,1,0
94,S2A_MSIL1C_20180516T100031_N0206_R122_T32QKD_20180516T121050,4,A,1,0.0,100.0,0.0,MAIN,0,0,0,0,0,0,1,0,0,0,0,1,0,1,0,0,1,0,0,0,0,1,0,0
95,S2A_MSIL1C_20180518T021651_N0206_R003_T52TDM_20180518T055214,1,A,1,0.0,100.0,0.0,MAIN,0,0,0,0,0,0,0,0,0,0,0,0,1,1,1,0,1,1,0,1,1,0,1,0
96,S2A_MSIL1C_20180518T171941_N0206_R012_T14TQR_20180518T210433,4,B,0,16.777853945105907,83.22214605489407,0.0,CALIBRATION,0,0,1,0,0,0,0,0,0,0,1,1,1,0,1,1,1,1,0,0,1,0,1,0
97,S2A_MSIL1C_20180520T161901_N0206_R040_T17TMG_20180520T194355,1,A,1,0.0,100.0,0.0,MAIN,0,0,0,0,0,0,0,0,0,0,0,0,1,0,1,0,1,1,1,1,1,0,0,0
98,S2A_MSIL1C_20180521T054641_N0206_R048_T42QXL_20180521T085815,1,B,1,100.0,0.0,0.0,MAIN,0,0,1,1,0,0,1,0,0,0,0,0,0,0,0,0,0,0,0,0,0,0,0,0
99,S2A_MSIL1C_20180521T090601_N0206_R050_T42XWM_20180521T104113,1,B,1,0.0,100.0,0.0,MAIN,0,1,0,0,0,0,0,0,0,0,1,1,0,1,1,0,1,0,0,0,1,1,0,0
100,S2A_MSIL1C_20180522T102031_N0206_R065_T30PZS_20180522T140632,3,B,1,99.51880545800606,0.247490626950724,0.2337039150432175,MAIN,0,0,1,0,0,0,0,1,0,0,0,1,1,1,0,1,0,1,0,0,0,0,0,0
101,S2A_MSIL1C_20180522T183921_N0206_R070_T12VVH_20180522T233949,1,A,1,100.0,0.0,0.0,MAIN,1,0,0,0,0,0,0,1,0,0,0,0,0,0,0,0,0,0,0,0,0,0,0,0
102,S2A_MSIL1C_20180523T080711_N0206_R078_T41WMU_20180523T115652,1,A,1,0.0,100.0,0.0,MAIN,0,1,0,0,0,0,0,0,0,0,0,1,1,0,1,0,1,0,0,0,1,0,0,0
103,S2A_MSIL1C_20180524T055641_N0206_R091_T45WWR_20180524T094026,1,B,1,0.0,100.0,0.0,MAIN,0,0,0,0,0,0,0,0,0,0,0,0,1,1,0,0,1,1,0,1,0,0,0,0
104,S2A_MSIL1C_20180524T073731_N0206_R092_T36MZT_20180524T113104,3,B,1,82.3148080774813,11.025827106973395,6.659364815545285,MAIN,1,0,0,0,0,1,0,1,0,0,0,0,1,1,0,1,0,1,0,0,0,0,0,0
105,S2A_MSIL1C_20180529T082601_N0206_R021_T34LFL_20180529T104228,1,A,1,100.0,0.0,0.0,MAIN,0,0,0,0,0,0,0,1,0,0,0,0,0,0,0,0,0,0,0,0,0,0,0,0
106,S2A_MSIL1C_20180529T235301_N0206_R030_T57PXM_20180530T011611,1,B,1,0.0,100.0,0.0,MAIN,0,0,0,0,0,0,0,0,0,0,0,0,1,0,1,0,1,0,1,0,0,0,1,0
107,S2A_MSIL1C_20180531T040541_N0206_R047_T47TNF_20180531T070552,3,A,1,0.0,100.0,0.0,MAIN,0,0,0,0,0,0,1,0,0,0,0,1,1,0,1,0,1,0,0,0,1,0,1,0
108,S2A_MSIL1C_20180601T152631_N0206_R068_T19UGP_20180601T185946,1,A,1,0.0,100.0,0.0,VALIDATION,0,0,0,0,0,0,0,0,0,0,0,0,1,1,1,0,1,0,1,0,1,0,1,0
109,S2A_MSIL1C_20180602T081011_N0206_R078_T36PWC_20180602T115947,3,A,1,100.0,0.0,0.0,VALIDATION,0,0,0,0,0,0,1,0,0,0,0,0,0,0,0,0,0,0,0,0,0,0,0,0
110,S2A_MSIL1C_20180603T155901_N0206_R097_T17SNA_20180603T194236,3,A,1,91.0212123881266,6.352036029273784,2.626751582599638,VALIDATION,1,0,1,1,0,0,0,0,0,0,0,0,1,1,0,1,0,1,0,0,0,0,0,0
111,S2A_MSIL1C_20180603T173901_N0206_R098_T13RBL_20180603T212201,3,B,1,56.37329054346453,35.640756584112346,7.98595287242313,MAIN,0,0,0,0,0,1,0,1,0,0,0,0,1,1,1,1,0,1,0,0,0,0,1,0
112,S2A_MSIL1C_20180605T163941_N0206_R126_T25XDJ_20180605T183729,1,B,1,100.0,0.0,0.0,MAIN,0,1,0,0,0,0,0,0,0,0,0,0,0,0,0,0,0,0,0,0,0,0,0,0
113,S2A_MSIL1C_20180606T012721_N0206_R131_T52JDR_20180606T030118,1,A,1,0.0,100.0,0.0,MAIN,0,0,0,0,0,0,0,0,0,0,0,0,1,0,1,0,1,0,1,0,1,0,1,0
114,S2A_MSIL1C_20180608T032541_N0206_R018_T47PRL_20180608T080449,1,A,1,0.0,100.0,0.0,MAIN,0,0,0,0,0,0,0,0,0,1,0,1,1,1,0,0,1,1,0,1,0,1,0,0
115,S2A_MSIL1C_20180608T152641_N0206_R025_T18MUA_20180608T202221,1,A,1,0.0,100.0,0.0,MAIN,0,0,0,0,0,0,0,0,0,0,0,1,1,1,1,0,1,1,0,1,0,0,0,0
116,S2A_MSIL1C_20180611T133721_N0206_R067_T37XDL_20180611T150837,1,A,1,0.0,100.0,0.0,MAIN,0,0,0,0,0,0,0,0,0,0,0,0,1,1,0,0,1,1,0,1,0,0,0,0
117,S2A_MSIL1C_20180612T233811_N0206_R087_T57KVU_20180613T010330,2,B,1,96.8911922059122,2.1090796986837517,0.9997280954040464,MAIN,0,0,0,0,1,0,0,0,0,1,0,1,1,1,0,1,0,1,0,0,0,0,0,0
118,S2A_MSIL1C_20180613T041551_N0206_R090_T49VCH_20180613T072741,1,A,1,100.0,0.0,0.0,MAIN,1,0,0,0,0,0,0,0,1,0,1,0,0,0,0,0,0,0,0,0,0,0,0,0
119,S2A_MSIL1C_20180613T141951_N0206_R096_T23VNK_20180613T162358,5,B,1,44.85535441423708,45.40864197058068,9.736003615182232,MAIN,0,1,0,0,0,0,0,0,0,0,0,1,1,1,0,1,0,1,0,0,0,0,0,0
120,S2A_MSIL1C_20180615T045701_N0206_R119_T45RTK_20180615T080052,1,A,1,0.0,100.0,0.0,VALIDATION,0,0,1,1,0,0,0,1,0,0,0,1,1,1,1,0,1,1,0,1,0,1,0,0
121,S2A_MSIL1C_20180618T133051_N0206_R024_T27WWV_20180618T170627,3,A,0,28.490814603191623,71.50918539680838,0.0,MAIN,0,1,0,0,0,0,0,0,0,1,0,0,1,1,0,1,1,1,0,1,0,0,0,0
122,S2A_MSIL1C_20180620T054641_N0206_R048_T45VUD_20180620T093922,3,B,1,16.290053270322954,71.32335200922178,12.386594720455268,MAIN,1,0,0,0,0,0,0,0,1,0,1,0,1,1,1,1,0,1,1,0,1,0,1,0
123,S2A_MSIL1C_20180620T141001_N0206_R053_T24VVR_20180620T192655,1,B,1,0.0,100.0,0.0,MAIN,0,0,0,0,0,0,0,0,0,0,0,0,1,0,1,0,1,1,0,1,1,0,1,0
124,S2A_MSIL1C_20180621T083651_N0206_R064_T34KBG_20180621T123155,1,B,1,100.0,0.0,0.0,VALIDATION,0,0,0,0,0,0,0,1,0,0,0,0,0,0,0,0,0,0,0,0,0,0,0,0
125,S2A_MSIL1C_20180622T194901_N0206_R085_T09VXE_20180622T231003,1,A,1,0.0,100.0,0.0,MAIN,0,0,0,0,0,0,0,0,0,0,0,0,1,1,1,0,1,1,1,1,0,0,0,0
126,S2A_MSIL1C_20180624T170851_N0206_R112_T16UCG_20180624T223010,3,B,1,66.09282669720167,22.733713489148712,11.173459813649615,VALIDATION,0,0,0,0,0,0,0,1,1,0,1,1,1,1,0,1,0,1,0,0,0,0,0,0
127,S2A_MSIL1C_20180625T134211_N0206_R124_T22LER_20180625T184357,1,A,1,100.0,0.0,0.0,MAIN,1,0,1,0,0,0,0,0,0,0,0,0,0,0,0,0,0,0,0,0,0,0,0,0
128,S2A_MSIL1C_20180626T144731_N0206_R139_T20PMQ_20180626T163032,4,A,1,14.958390937534707,74.79588007092497,10.24572899154032,VALIDATION,0,0,1,0,0,0,0,0,0,0,0,1,1,1,1,1,1,1,1,1,0,0,1,0
129,S2A_MSIL1C_20180628T101031_N0206_R022_T32TPR_20180628T110856,1,A,1,0.0,100.0,0.0,MAIN,0,0,0,0,0,0,0,0,0,0,0,0,1,0,1,0,1,1,0,1,1,0,1,0
130,S2A_MSIL1C_20180629T011651_N0206_R031_T56VNR_20180629T030615,1,A,1,0.0,100.0,0.0,MAIN,0,0,0,0,0,0,0,0,0,0,0,0,1,1,1,0,1,1,0,1,1,0,1,0
131,S2A_MSIL1C_20180629T175911_N0206_R041_T13UDR_20180629T230606,1,A,1,0.0,100.0,0.0,MAIN,0,0,0,0,0,0,0,0,0,0,0,0,1,0,1,0,1,0,1,0,1,0,1,0
132,S2A_MSIL1C_20180703T023551_N0206_R089_T50PLR_20180703T053714,1,B,1,0.0,100.0,0.0,VALIDATION,0,0,0,0,0,0,0,0,0,0,0,0,1,0,1,0,1,0,1,0,1,0,1,0
133,S2A_MSIL1C_20180705T134211_N0206_R124_T22LEN_20180705T170835,1,A,1,100.0,0.0,0.0,MAIN,1,0,1,0,0,0,0,1,0,0,1,0,0,0,0,0,0,0,0,0,0,0,0,0
134,S2A_MSIL1C_20180707T021601_N0206_R003_T51SXR_20180707T041118,1,B,1,0.0,100.0,0.0,MAIN,0,0,0,0,0,0,0,0,0,1,0,0,1,1,0,0,1,1,0,1,0,0,0,0
135,S2A_MSIL1C_20180707T021601_N0206_R003_T51SYV_20180707T041118,4,B,0,94.83496156954055,5.165038430459441,0.0,MAIN,0,0,0,0,0,0,0,0,0,1,0,1,0,0,1,1,0,0,0,0,1,0,0,0
136,S2A_MSIL1C_20180707T085601_N0206_R007_T44XNP_20180707T092320,1,A,1,100.0,0.0,0.0,MAIN,0,1,0,0,0,0,0,0,0,1,0,0,0,0,0,0,0,0,0,0,0,0,0,0
137,S2A_MSIL1C_20180710T090601_N0206_R050_T34QBG_20180710T112311,1,B,1,100.0,0.0,0.0,MAIN,0,0,0,0,0,0,1,0,0,0,0,0,0,0,0,0,0,0,0,0,0,0,0,0
138,S2A_MSIL1C_20180712T080611_N0206_R078_T38VPH_20180712T090747,1,A,1,0.0,100.0,0.0,MAIN,0,0,0,0,0,0,0,0,0,0,0,0,1,1,0,0,1,1,0,1,0,0,0,0
139,S2A_MSIL1C_20180712T233821_N0206_R087_T57KXB_20180713T010342,2,B,1,0.0,100.0,0.0,MAIN,0,0,0,0,0,0,0,0,0,1,0,0,1,1,1,0,1,1,0,1,1,0,1,0
140,S2A_MSIL1C_20180713T105621_N0206_R094_T29NKG_20180713T144447,1,B,1,0.0,100.0,0.0,MAIN,0,0,0,0,0,0,0,0,0,0,0,0,1,1,1,0,1,0,1,0,1,0,1,0
141,S2A_MSIL1C_20180713T123701_N0206_R095_T37XDL_20180713T144125,1,A,1,0.0,100.0,0.0,MAIN,0,0,0,0,0,0,0,0,0,0,0,0,1,1,0,0,1,1,0,1,0,0,0,0
142,S2A_MSIL1C_20180714T022331_N0206_R103_T51PVQ_20180714T034608,1,A,1,0.0,100.0,0.0,MAIN,0,0,0,0,0,0,0,0,0,0,0,0,1,0,1,0,1,0,0,0,1,0,1,0
143,S2A_MSIL1C_20180715T013651_N0206_R117_T56VLQ_20180715T033004,5,B,1,24.341205801142,67.65646960604471,8.002324592813293,MAIN,1,0,0,0,0,1,0,0,0,0,0,1,1,1,1,1,1,1,0,0,1,0,0,0
144,S2A_MSIL1C_20180717T071621_N0206_R006_T42WVU_20180717T093030,3,A,1,3.9159048870064073,92.70319124084236,3.380903872151225,VALIDATION,0,0,0,0,0,0,0,0,1,0,1,1,1,1,1,1,1,1,1,1,0,0,1,0
145,S2A_MSIL1C_20180718T135111_N0206_R024_T22MEB_20180718T185303,3,B,1,48.11035879917739,35.01087618383815,16.878765016984467,MAIN,1,0,0,0,0,0,0,1,0,0,0,0,1,1,0,1,0,1,0,0,0,0,0,0
146,S2A_MSIL1C_20180719T094031_N0206_R036_T34TCQ_20180719T115126,2,B,1,0.0,100.0,0.0,MAIN,0,0,1,0,0,0,0,0,0,0,0,1,1,1,0,0,1,1,0,1,0,0,0,0
147,S2A_MSIL1C_20180721T151911_N0206_R068_T23WNV_20180721T190153,1,A,1,0.0,100.0,0.0,MAIN,0,1,0,0,0,0,0,0,0,0,0,1,0,0,1,0,1,0,0,0,1,0,0,0
148,S2A_MSIL1C_20180721T165851_N0206_R069_T15TWF_20180721T221510,4,B,1,5.742739955805929,90.79478479325675,3.462475250937305,MAIN,0,0,1,0,0,0,0,0,0,0,0,0,1,1,0,1,1,1,0,1,0,0,0,0
149,S2A_MSIL1C_20180723T124301_N0206_R095_T28WDU_20180723T144245,1,A,1,0.0,100.0,0.0,MAIN,0,0,0,0,0,0,0,0,0,0,0,0,1,1,0,0,1,1,0,1,0,0,0,0
150,S2A_MSIL1C_20180724T152911_N0206_R111_T22WDE_20180724T191243,3,A,0,26.285132180100412,73.71486781989958,0.0,MAIN,0,1,0,0,0,0,1,0,0,1,0,1,1,1,1,1,1,1,0,1,1,0,1,0
151,S2A_MSIL1C_20180725T081601_N0206_R121_T36QUF_20180725T103622,1,A,1,100.0,0.0,0.0,MAIN,0,0,0,0,0,0,1,0,0,0,0,0,0,0,0,0,0,0,0,0,0,0,0,0
152,S2A_MSIL1C_20180728T235741_N0206_R030_T56LQQ_20180729T012350,3,A,0,85.84746152167003,14.152538478329973,0.0,MAIN,0,0,0,0,0,0,0,0,0,1,0,0,1,1,0,1,0,1,0,0,0,0,0,0
153,S2A_MSIL1C_20180729T013711_N0206_R031_T52LEH_20180729T030601,1,A,1,100.0,0.0,0.0,MAIN,0,0,0,0,0,0,1,1,0,0,0,0,0,0,0,0,0,0,0,0,0,0,0,0
154,S2A_MSIL1C_20180729T025551_N0206_R032_T49PER_20180729T055945,4,B,1,96.62541503747305,1.9646064468196736,1.4099785157072775,MAIN,0,0,0,0,0,0,0,0,0,1,0,0,1,1,0,1,0,1,0,0,0,0,0,0
155,S2A_MSIL1C_20180801T030541_N0206_R075_T48MVA_20180801T083717,1,A,1,0.0,100.0,0.0,MAIN,1,0,0,1,0,0,0,0,0,0,0,1,1,1,1,0,1,1,0,0,1,0,0,0
156,S2A_MSIL1C_20180801T030541_N0206_R075_T52WFU_20180801T050146,4,B,1,80.49802581944769,13.027293859934664,6.474680320617645,MAIN,1,0,0,0,0,1,0,0,0,0,0,1,1,1,0,1,0,1,0,1,0,0,0,0
157,S2A_MSIL1C_20180801T181011_N0206_R084_T12TVM_20180801T234550,1,B,1,100.0,0.0,0.0,VALIDATION,0,0,1,1,0,1,0,0,0,0,0,0,0,0,0,0,0,0,0,0,0,0,0,0
158,S2A_MSIL1C_20180802T055641_N0206_R091_T43SCC_20180802T080400,4,A,0,99.70176661394528,0.2982333860547409,0.0,MAIN,0,1,0,0,0,1,1,0,0,0,1,1,0,0,1,1,0,1,0,0,0,0,0,0
159,S2A_MSIL1C_20180802T230911_N0206_R101_T59LKG_20180803T002614,3,B,1,51.73798736984004,39.42779401120553,8.834218618954429,VALIDATION,0,0,0,0,0,0,0,0,0,1,0,1,1,1,0,1,0,1,0,0,0,0,0,0
160,S2A_MSIL1C_20180803T141051_N0206_R110_T18FYG_20180803T192500,4,A,1,35.77038997246487,30.89209600147058,33.33751402606455,MAIN,0,1,0,0,0,0,1,1,0,0,1,0,1,0,1,0,1,0,1,0,0,0,1,0
161,S2A_MSIL1C_20180804T045701_N0206_R119_T45RTH_20180804T075337,1,A,1,0.0,100.0,0.0,MAIN,0,0,0,0,0,0,0,0,0,0,0,0,1,1,1,0,1,1,0,1,1,0,0,0
162,S2A_MSIL1C_20180805T024551_N0206_R132_T52UDG_20180805T054920,4,A,1,68.91134761279254,25.183056896994124,5.905595490213349,MAIN,1,0,0,0,0,0,0,1,0,0,0,0,1,1,0,1,0,1,0,0,0,0,0,0
163,S2A_MSIL1C_20180805T093031_N0206_R136_T33RWN_20180805T115126,1,A,1,100.0,0.0,0.0,MAIN,0,0,1,1,0,0,1,0,0,0,0,0,0,0,0,0,0,0,0,0,0,0,0,0
164,S2A_MSIL1C_20180807T064621_N0206_R020_T46XDK_20180807T075541,1,B,1,0.0,100.0,0.0,MAIN,0,0,0,0,0,0,0,0,0,0,0,0,1,1,0,0,1,1,0,1,0,0,0,0
165,S2A_MSIL1C_20180808T011651_N0206_R031_T55UEV_20180808T030949,3,B,1,0.0,100.0,0.0,MAIN,0,0,0,0,0,0,0,0,0,0,0,0,1,1,1,0,1,1,1,1,0,0,0,0
166,S2A_MSIL1C_20180808T094031_N0206_R036_T34UDU_20180808T115347,4,B,1,84.68363325814468,11.534690813837265,3.781675928018045,MAIN,1,0,1,1,0,0,0,0,0,0,0,1,1,1,1,1,0,1,0,1,0,0,0,0
167,S2A_MSIL1C_20180808T161901_N0206_R040_T16TGM_20180808T202035,4,B,1,14.16728260078661,80.0134803405318,5.819237058681607,MAIN,0,0,0,1,0,0,0,0,0,0,1,1,1,1,1,1,1,1,0,0,1,0,1,0
168,S2A_MSIL1C_20180811T030541_N0206_R075_T49PCT_20180811T064840,5,A,0,36.64364413432853,63.356355865671475,0.0,CALIBRATION,0,0,0,0,0,0,0,0,0,1,0,1,1,1,1,0,1,1,0,1,1,0,0,0
169,S2A_MSIL1C_20180817T215051_N0206_R029_T14XMQ_20180818T001725,1,A,1,100.0,0.0,0.0,MAIN,0,1,0,0,0,0,0,0,0,1,0,0,0,0,0,0,0,0,0,0,0,0,0,0
170,S2A_MSIL1C_20180818T061631_N0206_R034_T43VFG_20180818T074215,1,B,1,0.0,100.0,0.0,VALIDATION,0,0,0,0,0,0,0,0,0,0,0,0,1,1,0,0,1,1,1,1,0,0,0,0
171,S2A_MSIL1C_20180819T040541_N0206_R047_T48UVC_20180819T074214,1,B,1,0.0,100.0,0.0,MAIN,0,0,0,0,0,0,0,0,0,0,0,0,1,1,1,0,1,1,0,1,1,0,1,0
172,S2A_MSIL1C_20180819T142751_N0206_R053_T19HDS_20180819T194739,3,A,1,100.0,0.0,0.0,MAIN,0,0,0,0,0,1,1,0,0,0,0,0,0,0,0,0,0,0,0,0,0,0,0,0
173,S2A_MSIL1C_20180820T065621_N0206_R063_T44XMF_20180820T091425,1,A,1,0.0,100.0,0.0,MAIN,0,0,0,0,0,0,0,0,0,0,0,0,1,1,1,0,1,1,0,1,1,0,0,0
174,S2A_MSIL1C_20180822T141951_N0206_R096_T26XMH_20180822T163811,1,A,1,0.0,100.0,0.0,MAIN,0,1,0,0,0,0,0,0,0,0,0,1,1,1,1,0,1,1,0,1,1,0,0,0
175,S2A_MSIL1C_20180822T143751_N0206_R096_T19HBC_20180822T195003,1,A,1,0.0,100.0,0.0,MAIN,0,0,0,0,0,0,0,0,0,0,0,0,1,0,1,0,1,0,0,0,1,0,1,0
176,S2A_MSIL1C_20180823T084601_N0206_R107_T36UXG_20180823T111105,4,A,1,39.2655129231276,40.44868087974541,20.285806197127,VALIDATION,1,0,1,0,0,0,0,0,0,0,0,0,1,1,0,1,0,1,0,0,0,0,0,0
177,S2A_MSIL1C_20180824T150721_N0206_R125_T21UUP_20180824T185559,1,B,1,100.0,0.0,0.0,MAIN,0,0,0,0,0,0,0,0,0,1,0,0,0,0,0,0,0,0,0,0,0,0,0,0
178,S2A_MSIL1C_20180827T014651_N0206_R017_T55WEM_20180827T034435,4,B,0,67.6933299121863,32.30667008781369,0.0,MAIN,1,0,0,0,0,1,0,0,0,0,1,0,1,1,0,1,0,1,0,0,0,0,0,0
179,S2A_MSIL1C_20180830T033531_N0206_R061_T50VNN_20180830T063203,2,B,1,100.0,0.0,0.0,MAIN,1,0,0,0,0,0,0,0,0,0,0,0,0,0,0,0,0,0,0,0,0,0,0,0
180,S2A_MSIL1C_20180831T112651_N0206_R080_T38XMP_20180831T134418,1,A,1,0.0,100.0,0.0,MAIN,0,0,0,0,0,0,0,0,0,0,0,0,1,1,1,0,1,0,1,0,1,0,0,0
181,S2A_MSIL1C_20180904T160901_N0206_R140_T27XWJ_20180904T192941,1,B,1,0.0,100.0,0.0,MAIN,0,1,0,0,0,0,0,0,0,0,0,1,0,0,1,0,1,0,0,0,1,0,0,0
182,S2A_MSIL1C_20180905T053641_N0206_R005_T43TGH_20180905T073757,3,A,0,73.85752199172029,26.142478008279685,0.0,MAIN,0,0,1,1,1,0,0,0,0,0,1,1,0,0,1,1,0,0,0,0,1,0,0,0
183,S2A_MSIL1C_20180905T185911_N0206_R013_T13WDU_20180905T222210,3,B,0,27.091176121414982,72.90882387858504,0.0,MAIN,0,1,0,0,0,0,0,0,1,0,0,0,1,1,0,1,1,1,0,1,0,0,0,0
184,S2A_MSIL1C_20180905T185911_N0206_R013_T20XNR_20180905T221931,1,A,1,100.0,0.0,0.0,MAIN,0,1,0,0,0,0,1,0,0,1,0,0,0,0,0,0,0,0,0,0,0,0,0,0
185,S2A_MSIL1C_20180906T164851_N0206_R026_T15TYK_20180906T203616,4,B,1,96.20530328851378,3.794696711486246,0.0,CALIBRATION,0,0,1,1,0,0,0,0,0,0,0,1,0,0,1,1,0,0,0,0,1,0,0,0
186,S2A_MSIL1C_20180906T164851_N0206_R026_T20XNH_20180906T201711,1,A,1,0.0,100.0,0.0,MAIN,0,0,0,0,0,0,0,0,0,1,0,1,1,1,0,0,1,1,0,1,0,0,0,0
187,S2A_MSIL1C_20180909T102021_N0206_R065_T34VCQ_20180909T155923,2,B,0,0.0,100.0,0.0,VALIDATION,1,0,0,0,0,0,0,0,0,0,1,1,1,1,1,0,1,1,0,1,0,0,0,0
188,S2A_MSIL1C_20180909T151911_N0206_R068_T25XEG_20180909T205122,1,B,1,100.0,0.0,0.0,MAIN,0,1,0,0,0,0,0,0,0,0,0,0,0,0,0,0,0,0,0,0,0,0,0,0
189,S2A_MSIL1C_20180910T080601_N0206_R078_T43XDE_20180910T102850,1,A,1,0.0,100.0,0.0,MAIN,0,0,0,0,0,0,0,0,0,0,0,0,1,0,1,0,1,1,0,1,0,0,0,0
190,S2A_MSIL1C_20180910T095031_N0206_R079_T32PLV_20180910T153049,3,B,0,14.866192301653257,85.13380769834674,0.0,MAIN,0,0,1,0,0,0,0,0,0,0,0,1,1,1,0,0,1,1,0,1,0,0,0,0
191,S2A_MSIL1C_20180910T150721_N0206_R082_T19PFN_20180910T201336,1,B,1,100.0,0.0,0.0,MAIN,0,0,0,0,0,0,0,0,0,1,0,0,0,0,0,0,0,0,0,0,0,0,0,0
192,S2A_MSIL1C_20180911T091551_N0206_R093_T40XEM_20180911T112934,4,B,1,0.0,96.08715882675081,3.9128411732491832,MAIN,0,0,0,0,0,0,0,0,0,1,0,1,1,1,0,0,1,1,0,1,0,1,0,0
193,S2A_MSIL1C_20180912T022321_N0206_R103_T51MTV_20180912T063255,4,A,1,0.0,100.0,0.0,MAIN,0,0,0,0,0,0,0,0,0,1,0,1,1,1,1,0,1,1,0,0,1,0,0,0
194,S2A_MSIL1C_20180913T045651_N0206_R119_T44QPM_20180913T075950,4,B,0,23.11284806660514,76.88715193339486,0.0,MAIN,0,0,1,1,0,0,0,0,0,0,1,1,1,1,0,1,1,1,0,1,0,0,0,0
195,S2A_MSIL1C_20180913T081601_N0206_R121_T35LKE_20180913T103649,1,A,1,100.0,0.0,0.0,MAIN,1,0,0,0,0,0,0,1,0,0,0,0,0,0,0,0,0,0,0,0,0,0,0,0
196,S2A_MSIL1C_20180919T001611_N0206_R059_T58VFQ_20180919T020658,1,A,1,0.0,100.0,0.0,MAIN,0,0,0,0,0,0,0,0,0,0,0,0,1,0,1,0,1,0,1,0,1,0,0,0
197,S2A_MSIL1C_20180919T101701_N0206_R065_T39XWH_20180919T122556,1,B,1,0.0,100.0,0.0,MAIN,0,0,0,0,0,0,0,0,0,0,0,0,1,1,0,0,1,1,0,1,0,0,0,0
198,S2A_MSIL1C_20180919T102021_N0206_R065_T30PZU_20180919T142010,4,B,0,81.61340910918693,18.386590890813068,0.0,MAIN,0,0,0,0,0,0,0,1,0,0,0,1,0,1,0,1,1,1,0,1,0,0,0,0
199,S2A_MSIL1C_20180921T023541_N0206_R089_T49NHG_20180921T061537,4,B,0,5.531630929722237,94.46836907027777,0.0,CALIBRATION,0,0,0,0,0,0,0,0,0,1,0,0,1,1,1,1,1,1,1,1,1,0,1,0
200,S2A_MSIL1C_20180922T185101_N0206_R113_T10SEE_20180922T225409,1,B,1,0.0,100.0,0.0,MAIN,0,0,0,0,0,0,0,0,0,0,0,0,1,1,0,0,1,1,0,1,0,0,0,0
201,S2A_MSIL1C_20180923T081641_N0206_R121_T38VPM_20180923T103658,3,A,1,98.75823851777528,1.2417614822247158,0.0,MAIN,1,0,0,0,0,0,0,1,0,0,0,1,0,0,1,1,0,0,0,0,0,0,0,1
202,S2A_MSIL1C_20180925T142031_N0206_R010_T19HGA_20180925T180630,1,A,1,0.0,100.0,0.0,MAIN,0,0,0,0,0,0,0,0,0,0,0,1,1,0,1,0,1,1,0,1,1,0,1,0
203,S2A_MSIL1C_20180928T191151_N0206_R056_T15XVF_20180928T224831,4,B,0,0.0,100.0,0.0,MAIN,0,1,0,0,0,0,0,0,0,1,0,1,1,1,1,0,1,1,0,1,1,0,0,0
204,S2A_MSIL1C_20180930T080721_N0206_R078_T35MQV_20180930T102120,4,A,1,93.23484131877558,6.1423631190137895,0.6227955622106226,MAIN,1,0,0,0,1,0,0,1,0,1,0,1,1,1,1,1,0,1,0,0,1,0,0,0
205,S2A_MSIL1C_20181009T033631_N0206_R061_T49TCE_20181009T064225,1,A,1,100.0,0.0,0.0,MAIN,0,0,1,0,0,0,1,1,0,0,0,0,0,0,0,0,0,0,0,0,0,0,0,0
206,S2A_MSIL1C_20181011T105951_N0206_R094_T29PKL_20181011T130804,4,A,1,100.0,0.0,0.0,MAIN,1,0,0,1,0,0,0,0,0,0,0,0,0,0,0,0,0,0,0,0,0,0,0,0
207,S2A_MSIL1C_20181011T192321_N0206_R099_T11VML_20181011T212023,4,B,0,54.11801425392826,45.88198574607175,0.0,MAIN,1,1,0,0,0,0,0,1,0,0,0,1,1,1,0,0,1,1,0,1,0,0,0,0
208,S2A_MSIL1C_20181012T103021_N0206_R108_T31TGL_20181012T124407,3,B,0,64.06302059198609,35.936979408013904,0.0,MAIN,1,0,1,1,0,0,0,0,0,0,0,1,0,0,1,1,1,0,0,0,1,0,0,0
209,S2A_MSIL1C_20181016T101021_N0206_R022_T31RGM_20181016T122415,1,A,1,100.0,0.0,0.0,MAIN,0,0,0,0,0,0,1,0,0,0,0,0,0,0,0,0,0,0,0,0,0,0,0,0
210,S2A_MSIL1C_20181016T151651_N0206_R025_T20UPD_20181016T171323,1,A,1,0.0,100.0,0.0,MAIN,0,0,0,0,0,0,0,0,0,0,0,0,1,0,1,0,1,0,0,0,1,0,1,0
211,S2A_MSIL1C_20181017T112111_N0206_R037_T28PFC_20181017T131930,1,B,1,100.0,0.0,0.0,MAIN,0,0,0,1,0,0,1,0,1,0,1,0,0,0,0,0,0,0,0,0,0,0,0,0
212,S2A_MSIL1C_20181018T054831_N0206_R048_T44UMF_20181018T075431,3,A,1,0.0,100.0,0.0,MAIN,0,0,0,0,0,0,0,0,0,0,0,0,1,0,1,0,1,0,0,0,1,0,1,0
213,S2A_MSIL1C_20181018T173321_N0206_R055_T14TNQ_20181018T210647,1,B,1,100.0,0.0,0.0,MAIN,0,0,1,0,0,0,0,0,0,0,0,0,0,0,0,0,0,0,0,0,0,0,0,0
214,S2A_MSIL1C_20181019T083951_N0206_R064_T34LDP_20181019T105256,4,B,1,26.683032004319834,68.6585912278216,4.658376767858579,MAIN,1,0,0,0,0,0,0,1,0,0,0,0,1,1,0,1,1,1,0,1,0,0,0,0
215,S2A_MSIL1C_20181021T110101_N0206_R094_T30RUU_20181021T131644,1,A,1,100.0,0.0,0.0,MAIN,0,0,0,0,0,1,1,0,0,0,0,0,0,0,0,0,0,0,0,0,0,0,0,0
216,S2A_MSIL1C_20181021T160311_N0206_R097_T20WNV_20181021T192258,2,B,1,0.0,100.0,0.0,MAIN,0,0,0,0,0,0,0,0,0,1,0,1,1,1,1,0,1,1,1,1,1,0,0,0
217,S2A_MSIL1C_20181023T164341_N0206_R126_T16SBA_20181023T200709,1,A,1,0.0,100.0,0.0,MAIN,0,0,1,1,0,0,0,0,0,0,0,1,1,0,1,0,1,0,0,0,1,0,1,0
218,S2A_MSIL1C_20181026T002701_N0206_R016_T54JXM_20181026T020211,1,A,1,100.0,0.0,0.0,MAIN,0,0,0,0,0,0,1,0,0,0,0,0,0,0,0,0,0,0,0,0,0,0,0,0
219,S2A_MSIL1C_20181026T183441_N0208_R027_T13VCF_20190915T073519,1,A,1,0.0,100.0,0.0,MAIN,0,1,0,0,0,0,0,0,1,0,1,1,1,1,1,0,1,1,0,1,1,0,0,0
220,S2A_MSIL1C_20181028T173431_N0206_R055_T13TGE_20181028T210537,3,A,1,99.07763067696585,0.9223693230341488,0.0,MAIN,0,0,1,1,0,0,0,1,0,0,0,1,0,0,1,1,0,0,0,0,0,0,0,1
221,S2A_MSIL1C_20181029T170421_N0206_R069_T15SVC_20181029T203354,5,B,0,48.873702230000646,51.12629776999936,0.0,CALIBRATION,1,0,1,1,0,0,0,0,0,0,1,1,0,0,1,1,1,0,0,0,1,0,0,0
222,S2A_MSIL1C_20181030T044921_N0206_R076_T45RXQ_20181030T065311,4,B,1,74.1423516300872,16.286510851291162,9.571137518621637,CALIBRATION,0,1,0,0,1,1,1,0,0,0,1,1,1,1,1,1,0,1,0,1,0,0,0,0
223,S2A_MSIL1C_20181030T095121_N0206_R079_T33TWK_20181030T130454,3,A,1,77.53101052768639,15.013729267274561,7.4552602050390435,VALIDATION,1,0,1,1,0,1,0,0,0,0,0,0,1,1,0,1,0,1,0,0,0,0,0,0
224,S2A_MSIL1C_20181101T071031_N0206_R106_T39QUU_20181104T003526,4,B,1,60.44755113529743,24.071790472616144,15.480658392086427,MAIN,0,0,0,0,0,0,1,0,0,0,0,1,1,1,0,1,0,1,0,0,0,0,0,0
225,S2A_MSIL1C_20181102T015621_N0206_R117_T51LYE_20181102T061209,1,A,1,100.0,0.0,0.0,MAIN,0,0,0,0,1,0,0,1,0,1,0,0,0,0,0,0,0,0,0,0,0,0,0,0
226,S2A_MSIL1C_20181106T062031_N0207_R034_T42TWT_20181106T074524,1,A,1,0.0,100.0,0.0,MAIN,0,0,0,0,0,0,0,0,0,0,0,0,1,0,1,0,1,0,0,0,1,0,1,0
227,S2A_MSIL1C_20181106T112241_N0207_R037_T30TUT_20181106T115456,3,B,0,12.378552471842553,87.62144752815745,0.0,MAIN,0,0,0,0,0,0,0,0,0,1,0,1,1,1,1,1,1,1,0,1,1,0,0,0
228,S2A_MSIL1C_20181106T112241_N0207_R037_T30UXG_20181106T115456,3,A,1,0.0,99.66375741514472,0.33624258485529696,MAIN,0,0,0,0,0,0,0,0,0,1,0,1,1,1,0,0,1,1,0,1,0,0,0,0
229,S2A_MSIL1C_20181106T180531_N0207_R041_T12SWB_20181106T201530,1,B,1,100.0,0.0,0.0,MAIN,1,0,0,0,0,1,0,0,0,0,0,0,0,0,0,0,0,0,0,0,0,0,0,0
230,S2A_MSIL1C_20181107T022901_N0207_R046_T50PNU_20181107T060616,3,B,1,92.72703076351576,4.732863308581079,2.540105927903156,MAIN,0,0,0,0,0,0,0,0,0,1,0,1,1,1,0,1,0,1,0,0,0,0,0,0
231,S2A_MSIL1C_20181111T155221_N0207_R111_T17MMS_20181111T191122,1,B,1,0.0,100.0,0.0,MAIN,0,0,0,0,0,0,0,0,0,1,0,1,1,1,0,0,1,1,0,1,0,0,0,0
232,S2A_MSIL1C_20181112T031951_N0207_R118_T49RBH_20181112T070246,1,A,1,0.0,100.0,0.0,MAIN,0,0,0,0,0,0,0,0,0,0,0,0,1,1,1,0,1,1,1,1,0,0,0,0
233,S2A_MSIL1C_20181112T070221_N0207_R120_T38KRD_20181112T102254,3,A,1,18.369261759873773,78.32412942658766,3.3066088135385514,MAIN,1,0,0,0,0,0,0,0,0,0,0,1,1,1,0,1,1,1,0,1,0,0,0,0
234,S2A_MSIL1C_20181114T040011_N0207_R004_T48UXA_20181114T084110,5,A,1,98.53315129767428,1.4668487023257415,0.0,MAIN,0,1,0,0,0,1,0,1,0,0,0,1,0,1,0,1,0,1,0,1,0,0,0,0
235,S2A_MSIL1C_20181114T054101_N0207_R005_T44UNA_20181114T093234,1,A,1,100.0,0.0,0.0,MAIN,0,1,0,0,0,1,0,0,0,1,0,0,0,0,0,0,0,0,0,0,0,0,0,0
236,S2A_MSIL1C_20181115T151651_N0207_R025_T20UPD_20181115T171551,3,B,0,62.30655519854779,37.6934448014522,0.0,MAIN,1,1,0,0,0,0,0,0,0,0,0,1,0,1,0,1,1,1,0,1,0,0,0,0
237,S2A_MSIL1C_20181117T141441_N0207_R053_T24VVM_20181117T160857,1,B,1,0.0,100.0,0.0,VALIDATION,0,0,0,0,0,0,0,0,0,0,0,0,1,1,1,0,1,1,0,1,1,0,0,0
238,S2A_MSIL1C_20181118T084231_N0207_R064_T35RPM_20181118T101007,4,A,1,21.55743888848465,55.84499140245327,22.597569709062082,MAIN,0,0,0,0,0,0,1,0,0,0,0,1,1,0,1,1,0,1,0,1,0,0,0,0
239,S2A_MSIL1C_20181118T152621_N0207_R068_T20VPK_20181118T172424,1,A,1,0.0,100.0,0.0,MAIN,0,0,0,0,0,0,0,0,0,0,0,0,1,0,1,0,1,0,0,0,1,0,1,0
240,S2A_MSIL1C_20181120T060131_N0207_R091_T42SYJ_20181120T072641,3,B,1,0.0,100.0,0.0,MAIN,0,0,0,0,0,0,0,0,0,0,0,0,1,0,1,0,1,0,1,0,1,0,1,0
241,S2A_MSIL1C_20181122T082241_N0207_R121_T34LHH_20181122T103617,5,B,1,21.97314654891793,75.62413593697941,2.4027175141026573,MAIN,0,0,0,0,0,0,0,1,0,0,0,1,1,1,0,0,1,1,0,1,0,0,0,0
242,S2A_MSIL1C_20181128T021341_N0207_R060_T51NWC_20181128T071411,2,B,0,99.08050290861324,0.9194970913867516,0.0,MAIN,0,0,0,0,0,0,0,0,0,1,0,1,0,1,0,1,0,1,0,0,0,0,0,0
243,S2A_MSIL1C_20181129T063211_N0207_R077_T40QHF_20181129T074836,3,A,0,99.48070051815058,0.5192994818494108,0.0,MAIN,0,0,0,0,0,0,0,0,0,1,0,1,0,1,0,1,0,1,0,0,0,0,0,0
244,S2A_MSIL1C_20181202T032101_N0207_R118_T47MQS_20181202T065353,3,B,0,81.26787964200504,18.73212035799495,0.0,MAIN,0,0,0,0,0,0,0,0,0,1,0,1,1,1,0,1,0,1,0,1,0,0,0,0
245,S2A_MSIL1C_20181202T050141_N0207_R119_T44PKQ_20181202T080823,2,B,0,82.55387349159969,17.446126508400322,0.0,MAIN,0,0,0,0,0,0,0,0,0,1,0,1,1,1,0,1,0,1,0,0,0,0,0,0
246,S2A_MSIL1C_20181206T162641_N0207_R040_T18UVF_20181206T182302,1,B,1,0.0,100.0,0.0,MAIN,0,0,0,0,0,0,0,0,0,0,0,1,1,1,1,0,1,1,0,1,0,0,0,0
247,S2A_MSIL1C_20181207T073301_N0207_R049_T40VDH_20181207T093052,2,B,1,4.97049260687574,95.02950739312426,0.0,MAIN,1,1,0,0,0,0,0,0,0,0,0,1,0,0,1,1,1,0,0,0,1,0,0,1
248,S2A_MSIL1C_20181209T014651_N0207_R074_T51KYR_20181209T031614,1,B,1,100.0,0.0,0.0,MAIN,0,0,0,0,0,0,1,0,0,0,0,0,0,0,0,0,0,0,0,0,0,0,0,0
249,S2A_MSIL1C_20181213T225941_N0207_R001_T01UDV_20181214T003010,3,A,1,0.0,100.0,0.0,VALIDATION,0,0,0,0,0,0,0,0,0,1,0,1,1,1,1,1,1,1,1,0,1,0,0,0
250,S2A_MSIL1C_20181214T090351_N0207_R007_T34QGM_20181214T102932,4,A,1,100.0,0.0,0.0,VALIDATION,0,0,0,0,0,0,1,0,0,0,0,0,0,0,0,0,0,0,0,0,0,0,0,0
251,S2A_MSIL1C_20181216T000231_N0207_R030_T56JLL_20181216T011735,4,B,1,29.12280130667392,67.43502054603039,3.4421781472956985,MAIN,1,0,0,0,0,1,0,1,0,0,0,0,1,1,0,1,1,1,0,1,0,0,0,0
252,S2A_MSIL1C_20181220T024111_N0207_R089_T50RPN_20181220T042632,1,A,1,100.0,0.0,0.0,MAIN,0,0,0,1,1,0,0,0,0,1,0,0,0,0,0,0,0,0,0,0,0,0,0,0
253,S2A_MSIL1C_20181222T002051_N0207_R116_T54HXD_20181222T014213,4,A,1,25.04155161783235,65.49138139023671,9.467066991930944,MAIN,0,0,1,0,0,0,0,0,0,0,0,0,1,1,0,1,0,1,0,0,0,0,0,0
254,S2A_MSIL1C_20181222T100421_N0207_R122_T32RNR_20181222T103540,1,B,1,100.0,0.0,0.0,MAIN,0,0,0,0,0,0,1,0,0,0,0,0,0,0,0,0,0,0,0,0,0,0,0,0
255,S2A_MSIL1C_20181224T004021_N0207_R002_T56UQU_20181224T021734,1,B,1,0.0,100.0,0.0,MAIN,0,0,0,0,0,0,0,0,0,1,0,1,1,1,1,0,1,1,1,0,1,0,1,0
256,S2A_MSIL1C_20181225T015101_N0207_R017_T53SLR_20181225T033606,3,B,0,24.24910290631546,75.75089709368453,0.0,MAIN,0,0,0,0,0,0,0,0,0,1,0,0,1,1,1,1,1,1,1,0,0,0,0,0
257,S2A_MSIL1C_20181231T004701_N0207_R102_T54HTH_20181231T021140,1,A,1,100.0,0.0,0.0,MAIN,0,0,1,1,1,0,0,0,0,1,0,0,0,0,0,0,0,0,0,0,0,0,0,0
258,S2A_MSIL1C_20181231T141041_N0207_R110_T20KRB_20181231T155050,1,A,1,0.0,100.0,0.0,MAIN,0,0,0,0,0,0,0,0,0,0,0,0,1,0,1,0,1,0,0,0,1,0,1,0
259,S2B_MSIL1C_20180102T075319_N0206_R135_T38SMJ_20180102T095218,1,B,1,0.0,100.0,0.0,MAIN,0,0,0,0,0,0,0,0,0,0,0,1,1,1,1,0,1,1,0,1,1,0,1,0
260,S2B_MSIL1C_20180107T102359_N0206_R065_T32UPD_20180107T121759,1,A,1,0.0,100.0,0.0,MAIN,0,0,0,0,0,0,0,0,0,0,0,0,1,1,1,0,1,1,0,1,1,0,0,0
261,S2B_MSIL1C_20180109T192749_N0206_R099_T10UDF_20180109T212709,1,B,1,0.0,100.0,0.0,MAIN,0,0,0,0,0,0,0,0,0,0,0,0,1,1,0,0,1,1,0,1,0,0,0,0
262,S2B_MSIL1C_20180110T071239_N0206_R106_T40UGB_20180110T092450,1,A,1,0.0,100.0,0.0,MAIN,0,0,0,0,0,0,0,0,0,0,0,0,1,0,1,0,1,0,1,0,1,0,0,0
263,S2B_MSIL1C_20180111T182719_N0206_R127_T11RNQ_20180111T201528,1,A,1,100.0,0.0,0.0,MAIN,0,0,0,0,0,0,0,0,0,1,0,0,0,0,0,0,0,0,0,0,0,0,0,0
264,S2B_MSIL1C_20180116T105359_N0206_R051_T31UDQ_20180116T130813,4,A,0,98.06057345062253,1.939426549377492,0.0,MAIN,1,0,1,1,0,0,0,0,0,0,0,1,1,0,1,1,0,1,0,1,0,0,0,0
265,S2B_MSIL1C_20180119T110349_N0206_R094_T29QMV_20180119T131401,2,B,1,100.0,0.0,0.0,CALIBRATION,0,0,0,0,0,0,1,0,0,0,0,0,0,0,0,0,0,0,0,0,0,0,0,0
266,S2B_MSIL1C_20180120T004659_N0206_R102_T54KUV_20180120T020340,3,B,1,41.11551732721612,44.40470126876046,14.479781404023425,MAIN,0,0,0,0,0,0,1,1,0,0,0,1,1,1,1,1,0,1,0,1,0,0,0,0
267,S2B_MSIL1C_20180120T021009_N0206_R103_T53TLN_20180120T034823,4,A,1,82.61945611421525,7.806438394460807,9.574105491323946,VALIDATION,0,1,1,0,0,0,0,0,0,0,0,1,0,0,1,1,0,0,0,0,1,0,0,0
268,S2B_MSIL1C_20180120T053129_N0206_R105_T44UPC_20180120T063333,3,B,0,94.00306754339942,5.996932456600581,0.0,MAIN,0,1,0,0,0,1,0,0,0,0,0,1,1,1,0,1,0,1,0,1,0,0,0,0
269,S2B_MSIL1C_20180125T080209_N0206_R035_T36NXN_20180125T100104,4,B,1,99.93068347624279,0.06931652375718536,0.0,VALIDATION,0,0,0,0,0,0,0,1,0,0,0,1,0,1,0,1,0,1,0,1,0,0,0,0
270,S2B_MSIL1C_20180125T162539_N0206_R040_T17TNL_20180125T182031,1,B,1,0.0,100.0,0.0,MAIN,0,1,0,0,0,0,0,0,0,1,0,1,1,0,1,0,1,1,0,1,0,0,0,0
271,S2B_MSIL1C_20180125T194709_N0206_R042_T10VCH_20180125T212816,1,A,1,0.0,100.0,0.0,MAIN,0,1,0,0,0,1,0,0,0,0,0,1,1,1,1,0,1,1,0,1,1,0,0,0
272,S2B_MSIL1C_20180125T232159_N0206_R044_T58PHU_20180126T003547,1,B,1,0.0,100.0,0.0,MAIN,0,0,0,0,0,0,0,0,0,1,0,1,1,1,1,0,1,1,0,0,1,0,0,0
273,S2B_MSIL1C_20180127T034009_N0206_R061_T49TDK_20180127T052948,1,A,1,100.0,0.0,0.0,MAIN,0,1,0,0,0,1,1,0,0,0,0,0,0,0,0,0,0,0,0,0,0,0,0,0
274,S2B_MSIL1C_20180128T045039_N0206_R076_T45QVG_20180128T074502,1,A,1,100.0,0.0,0.0,MAIN,0,0,1,0,0,0,0,1,0,0,0,0,0,0,0,0,0,0,0,0,0,0,0,0
275,S2B_MSIL1C_20180130T004659_N0206_R102_T54LYQ_20180130T021417,1,B,1,0.0,100.0,0.0,MAIN,0,0,0,0,0,0,0,0,0,0,0,0,1,0,1,0,1,0,0,0,1,0,1,0
276,S2B_MSIL1C_20180131T082149_N0206_R121_T34JDL_20180131T120726,3,B,1,76.28618533170446,13.957322467361871,9.756492200933668,MAIN,0,0,0,0,0,0,1,0,0,0,0,0,1,1,0,1,0,1,0,0,0,0,0,0
277,S2B_MSIL1C_20180131T182559_N0206_R127_T12TUN_20180131T202103,3,A,0,38.16046966731898,61.83953033268103,0.0,CALIBRATION,0,0,1,0,0,1,0,1,0,0,1,1,0,0,1,1,1,0,0,0,1,0,0,0
278,S2B_MSIL1C_20180201T012709_N0206_R131_T53LKK_20180201T025415,1,B,1,0.0,100.0,0.0,MAIN,0,0,0,0,0,0,0,0,0,1,0,1,1,0,1,0,1,1,0,1,1,0,1,0
279,S2B_MSIL1C_20180201T024929_N0206_R132_T51STA_20180201T062115,1,A,1,100.0,0.0,0.0,MAIN,0,0,1,1,0,0,0,0,0,0,0,0,0,0,0,0,0,0,0,0,0,0,0,0
280,S2B_MSIL1C_20180201T144729_N0206_R139_T19LDE_20180201T180727,1,A,1,0.0,100.0,0.0,VALIDATION,0,0,0,0,0,0,0,0,0,0,0,0,1,0,1,0,1,0,1,0,1,0,0,0
281,S2B_MSIL1C_20180202T021909_N0206_R003_T51QWF_20180202T035423,3,B,1,31.8033593621348,53.4574009750269,14.739239662838305,MAIN,0,0,0,0,0,0,0,0,0,1,0,0,1,1,0,1,0,1,0,0,0,0,0,0
282,S2B_MSIL1C_20180202T172529_N0206_R012_T13QEB_20180202T204655,1,A,1,100.0,0.0,0.0,MAIN,1,0,1,1,0,1,0,0,0,0,0,0,0,0,0,0,0,0,0,0,0,0,0,0
283,S2B_MSIL1C_20180203T000809_N0206_R016_T58VFL_20180203T015224,3,B,1,0.0,100.0,0.0,MAIN,0,0,0,0,0,0,0,0,0,0,0,0,1,1,0,0,1,1,0,1,0,0,1,0
284,S2B_MSIL1C_20180204T145719_N0206_R039_T19NEB_20180204T164250,3,A,1,76.6234810681638,18.2942007728218,5.082318159014403,MAIN,1,0,0,0,0,0,0,0,0,0,0,1,1,1,1,1,0,1,0,0,1,0,0,0
285,S2B_MSIL1C_20180205T073059_N0206_R049_T37LDL_20180205T111142,3,B,1,30.04622378131211,50.69776080820768,19.2560154104802,MAIN,1,0,0,0,0,0,0,1,0,0,0,0,1,1,0,1,0,1,0,0,0,0,0,0
286,S2B_MSIL1C_20180208T224659_N0206_R101_T02WPS_20180209T001736,1,A,1,0.0,100.0,0.0,MAIN,0,1,0,0,0,0,0,0,0,0,0,1,0,0,1,0,1,0,0,0,1,0,0,0
287,S2B_MSIL1C_20180210T232709_N0206_R130_T01VEK_20180211T005618,1,B,1,0.0,100.0,0.0,VALIDATION,0,0,0,0,0,0,0,0,0,1,0,1,1,0,1,0,1,1,1,1,1,0,1,0
288,S2B_MSIL1C_20180211T075039_N0206_R135_T35JNK_20180211T114236,1,B,1,0.0,100.0,0.0,MAIN,0,0,0,0,0,0,0,0,0,0,0,1,1,1,1,0,1,1,0,1,1,0,0,0
289,S2B_MSIL1C_20180211T125259_N0206_R138_T27VXL_20180211T144630,3,A,0,24.03148348849767,75.96851651150233,0.0,MAIN,0,1,0,0,0,0,0,0,0,0,0,1,1,1,1,0,1,1,0,0,1,0,0,0
290,S2B_MSIL1C_20180213T083039_N0206_R021_T34LEH_20180213T121658,3,B,1,38.00335859620635,42.880790897706426,19.115850506087217,MAIN,1,0,0,0,0,0,0,1,0,0,0,0,1,1,0,1,0,1,0,0,0,0,0,0
291,S2B_MSIL1C_20180214T025819_N0206_R032_T51TUM_20180214T072411,1,B,1,100.0,0.0,0.0,VALIDATION,0,1,0,1,0,1,1,0,0,0,0,0,0,0,0,0,0,0,0,0,0,0,0,0
292,S2B_MSIL1C_20180214T162349_N0206_R040_T17SKA_20180214T182405,1,A,1,0.0,100.0,0.0,MAIN,0,0,0,0,0,0,0,0,0,0,0,0,1,0,1,0,1,1,0,1,1,0,1,0
293,S2B_MSIL1C_20180218T130239_N0206_R095_T23KNP_20180218T192559,1,A,1,0.0,100.0,0.0,MAIN,0,0,0,0,0,0,0,0,0,0,0,0,1,0,1,0,1,1,0,1,1,0,0,0
294,S2B_MSIL1C_20180221T144729_N0206_R139_T20PNV_20180221T194330,3,B,1,90.9185779772596,6.16658560590684,2.9148364168335754,MAIN,0,0,0,0,0,0,0,0,0,1,0,0,1,1,0,1,0,1,0,0,0,0,0,0
295,S2B_MSIL1C_20180222T094009_N0206_R007_T23CMN_20180222T124606,1,B,1,100.0,0.0,0.0,MAIN,0,1,0,0,0,0,0,0,0,0,0,0,0,0,0,0,0,0,0,0,0,0,0,0
296,S2B_MSIL1C_20180223T014649_N0206_R017_T54UVB_20180223T032311,1,B,1,100.0,0.0,0.0,MAIN,0,1,0,0,0,1,0,0,0,0,0,0,0,0,0,0,0,0,0,0,0,0,0,0
297,S2B_MSIL1C_20180223T064849_N0206_R020_T41UQU_20180223T103441,1,B,1,100.0,0.0,0.0,MAIN,0,1,0,0,0,0,0,0,0,0,0,1,0,0,1,0,1,0,0,0,1,0,0,0
298,S2B_MSIL1C_20180224T000229_N0206_R030_T55HFV_20180224T011548,3,B,1,51.759337625085685,37.69985945213139,10.540802922782925,MAIN,1,0,0,0,0,1,0,1,0,0,0,1,1,1,1,1,0,1,0,1,0,0,0,0
299,S2B_MSIL1C_20180227T095019_N0206_R079_T35VLJ_20180227T133522,1,B,1,100.0,0.0,0.0,MAIN,1,1,0,0,0,0,0,0,0,0,0,0,0,0,0,0,0,0,0,0,0,0,0,0
300,S2B_MSIL1C_20180228T110029_N0206_R094_T29RPJ_20180228T181939,1,A,1,100.0,0.0,0.0,MAIN,0,0,0,0,0,0,1,0,0,0,0,0,0,0,0,0,0,0,0,0,0,0,0,0
301,S2B_MSIL1C_20180301T084859_N0206_R107_T39XWB_20180301T091109,4,B,1,9.029626112032354,81.0751528984647,9.895220989502949,VALIDATION,0,0,0,0,0,0,0,0,0,1,0,1,1,1,1,1,1,0,1,0,1,0,1,0
302,S2B_MSIL1C_20180302T164309_N0206_R126_T15RWN_20180302T215740,3,A,1,92.65158681224413,3.3686490171223307,3.9797641706335374,MAIN,0,0,1,0,1,0,0,0,0,1,0,1,1,1,0,1,0,1,0,0,0,0,0,0
303,S2B_MSIL1C_20180304T021559_N0206_R003_T51PTK_20180304T055041,3,B,1,29.719938266167798,55.97720979928845,14.302851934543755,MAIN,0,0,0,0,0,0,0,0,0,1,0,1,1,1,1,1,0,1,0,0,1,0,0,0
304,S2B_MSIL1C_20180305T123139_N0206_R023_T20CNC_20180305T134224,1,A,1,100.0,0.0,0.0,MAIN,0,1,0,0,0,0,0,0,0,0,0,0,0,0,0,0,0,0,0,0,0,0,0,0
305,S2B_MSIL1C_20180306T162329_N0206_R040_T17SKC_20180306T201627,1,B,1,100.0,0.0,0.0,MAIN,1,0,1,1,0,1,0,0,0,0,0,0,0,0,0,0,0,0,0,0,0,0,0,0
306,S2B_MSIL1C_20180307T054659_N0206_R048_T45VWJ_20180307T095515,1,A,1,0.0,100.0,0.0,MAIN,1,1,0,0,0,0,0,0,0,0,0,1,0,0,1,0,1,0,0,0,1,0,0,0
307,S2B_MSIL1C_20180312T100019_N0206_R122_T31PHS_20180312T134350,1,A,1,100.0,0.0,0.0,MAIN,1,0,0,0,0,0,0,1,0,0,0,0,0,0,0,0,0,0,0,0,0,0,0,0
308,S2B_MSIL1C_20180313T050719_N0206_R133_T38CPE_20180313T085711,1,B,1,100.0,0.0,0.0,VALIDATION,0,1,0,0,0,0,0,0,0,0,0,0,0,0,0,0,0,0,0,0,0,0,0,0
309,S2B_MSIL1C_20180314T021559_N0206_R003_T54WXA_20180314T040439,5,B,0,87.02162981912599,12.978370180874002,0.0,MAIN,0,1,0,0,0,0,0,0,0,0,0,1,0,0,1,1,0,0,0,0,1,0,0,0
310,S2B_MSIL1C_20180315T032529_N0206_R018_T49SCC_20180315T070512,1,B,1,100.0,0.0,0.0,MAIN,0,0,1,1,0,0,1,0,0,0,0,0,0,0,0,0,0,0,0,0,0,0,0,0
311,S2B_MSIL1C_20180316T212519_N0206_R043_T06VUP_20180316T230134,1,A,1,0.0,100.0,0.0,MAIN,0,0,0,0,0,0,0,0,0,0,0,0,1,1,1,0,1,1,0,1,0,0,0,0
312,S2B_MSIL1C_20180318T021339_N0206_R060_T50JMT_20180318T062214,1,A,1,100.0,0.0,0.0,MAIN,0,0,0,0,0,0,1,1,0,0,0,0,0,0,0,0,0,0,0,0,0,0,0,0
313,S2B_MSIL1C_20180318T202139_N0206_R071_T10WDB_20180318T221036,1,A,1,100.0,0.0,0.0,MAIN,0,1,0,0,0,0,0,0,0,0,0,0,0,0,0,0,0,0,0,0,0,0,0,0
314,S2B_MSIL1C_20180320T073609_N0206_R092_T37PEQ_20180320T113217,1,A,1,97.06917482699592,2.70248275703601,0.2283424159680761,MAIN,0,0,0,0,0,0,0,1,0,0,0,1,0,1,0,1,0,1,0,1,0,0,0,0
315,S2B_MSIL1C_20180322T031539_N0206_R118_T48NWP_20180322T080731,4,B,1,38.56803933808465,44.35271387594258,17.07924678597279,MAIN,0,0,0,0,0,0,0,0,0,1,0,1,1,1,0,1,1,1,0,1,0,0,0,0
316,S2B_MSIL1C_20180322T085949_N0206_R121_T30DWJ_20180322T115641,3,A,1,0.0,100.0,0.0,MAIN,0,0,0,0,0,0,0,0,0,0,0,0,1,1,1,0,1,1,0,1,0,0,0,0
317,S2B_MSIL1C_20180325T064629_N0206_R020_T39PWK_20180325T120625,3,A,1,92.7055847672152,5.6315845910516575,1.6628306417331429,MAIN,0,0,0,0,0,0,0,0,0,1,0,0,1,1,0,1,0,1,0,0,0,0,0,0
318,S2B_MSIL1C_20180325T064629_N0206_R020_T41UPA_20180325T104056,4,A,0,50.88876421275961,49.1112357872404,0.0,MAIN,0,1,0,0,0,0,0,0,0,0,0,1,0,1,1,1,1,1,0,1,1,0,0,0
319,S2B_MSIL1C_20180325T164929_N0206_R026_T15SXV_20180325T220342,1,A,1,0.0,100.0,0.0,MAIN,0,0,0,0,0,0,0,0,0,0,0,0,1,1,1,0,1,1,0,1,1,0,0,0
320,S2B_MSIL1C_20180326T075609_N0206_R035_T40WDS_20180326T100201,5,B,0,31.53193347145577,68.46806652854424,0.0,MAIN,1,1,0,0,0,0,0,0,0,0,0,1,1,1,1,1,0,1,0,0,1,0,0,0
321,S2B_MSIL1C_20180327T022549_N0206_R046_T50QQH_20180327T060147,1,A,1,100.0,0.0,0.0,MAIN,0,0,0,0,0,0,0,0,0,1,0,1,0,1,0,1,0,1,0,0,0,0,0,0
322,S2B_MSIL1C_20180327T022549_N0206_R046_T52UFE_20180327T040413,5,B,1,9.72317431382386,72.34806851995819,17.928757166217963,MAIN,0,1,0,0,0,0,1,0,0,0,0,0,1,1,1,1,1,1,1,0,0,0,0,0
323,S2B_MSIL1C_20180327T090559_N0206_R050_T34QCM_20180327T130501,3,B,1,96.90363854305092,0.7298340616036244,2.366527395345453,MAIN,0,0,0,0,0,0,1,0,0,0,0,1,0,0,1,1,0,0,0,0,1,0,0,0
324,S2B_MSIL1C_20180328T001659_N0206_R059_T58UEG_20180328T020602,1,B,1,0.0,100.0,0.0,MAIN,0,0,0,0,0,0,0,0,0,0,0,0,1,1,0,0,1,1,0,1,0,0,0,0
325,S2B_MSIL1C_20180401T031539_N0206_R118_T51VWK_20180401T061429,3,B,1,100.0,0.0,0.0,MAIN,0,1,0,0,0,0,0,0,0,0,0,1,0,0,1,0,1,0,0,0,1,0,0,0
326,S2B_MSIL1C_20180401T181919_N0206_R127_T11SQU_20180401T215241,1,B,1,0.0,100.0,0.0,MAIN,0,0,0,0,0,1,0,1,0,0,0,1,1,0,1,0,1,0,0,0,1,0,1,0
327,S2B_MSIL1C_20180404T182919_N0206_R027_T13WFN_20180404T203137,1,A,1,100.0,0.0,0.0,MAIN,0,1,0,0,0,0,0,0,0,0,0,0,0,0,0,0,0,0,0,0,0,0,0,0
328,S2B_MSIL1C_20180405T175909_N0206_R041_T13UFV_20180405T200432,1,B,1,0.0,100.0,0.0,MAIN,0,1,0,0,0,0,0,0,0,0,0,1,1,1,1,0,1,1,0,0,1,1,0,0
329,S2B_MSIL1C_20180407T015649_N0206_R060_T52TGK_20180407T045352,1,A,1,0.0,100.0,0.0,MAIN,0,0,0,0,0,0,0,0,0,0,0,0,1,0,1,0,1,1,0,1,0,0,1,0
330,S2B_MSIL1C_20180408T062629_N0206_R077_T42VXJ_20180408T082353,1,A,1,0.0,100.0,0.0,MAIN,0,0,0,0,0,0,0,0,0,0,0,0,1,1,1,0,1,1,0,1,1,0,1,0
331,S2B_MSIL1C_20180409T055629_N0206_R091_T42SWB_20180409T094452,3,A,0,10.207241087465198,89.7927589125348,0.0,VALIDATION,0,0,0,0,0,0,1,1,0,0,0,0,1,1,1,1,1,1,0,1,0,0,0,0
332,S2B_MSIL1C_20180409T092029_N0206_R093_T34SDG_20180409T112706,3,A,0,95.342101937416,4.657898062584013,0.0,MAIN,0,0,0,0,0,0,0,0,0,1,0,1,1,1,0,1,0,1,0,1,0,0,0,0
333,S2B_MSIL1C_20180409T155859_N0206_R097_T20VMR_20180409T201750,2,B,1,0.0,100.0,0.0,MAIN,0,1,0,0,0,0,0,0,0,1,0,1,0,1,1,0,1,1,0,1,1,0,0,0
334,S2B_MSIL1C_20180417T021339_N0206_R060_T50LRQ_20180417T052932,3,B,1,78.41604083930437,16.01240421107456,5.571554949621056,MAIN,0,0,0,0,1,0,0,1,0,1,0,0,1,1,0,1,0,1,0,0,0,0,0,0
335,S2B_MSIL1C_20180417T033539_N0206_R061_T48SYE_20180417T075420,1,A,1,100.0,0.0,0.0,MAIN,1,0,1,1,0,1,0,0,0,0,0,0,0,0,0,0,0,0,0,0,0,0,0,0
336,S2B_MSIL1C_20180418T144919_N0206_R082_T25XEE_20180418T150500,1,A,1,100.0,0.0,0.0,MAIN,0,1,0,0,0,0,0,0,0,0,0,0,0,0,0,0,0,0,0,0,0,0,0,0
337,S2B_MSIL1C_20180420T103019_N0206_R108_T31TGF_20180420T114307,1,A,1,100.0,0.0,0.0,MAIN,0,0,0,0,0,0,0,0,0,1,0,0,0,0,0,0,0,0,0,0,0,0,0,0
338,S2B_MSIL1C_20180420T141049_N0206_R110_T21LTE_20180420T155931,5,B,1,27.24838293358252,59.13532423665657,13.616292829760914,MAIN,1,0,1,0,0,0,0,0,0,0,0,1,1,1,1,1,1,1,0,1,1,1,0,0
339,S2B_MSIL1C_20180422T042659_N0206_R133_T48VUK_20180422T074056,1,A,1,0.0,100.0,0.0,MAIN,0,0,0,0,0,0,0,0,0,0,0,0,1,0,1,0,1,0,0,0,1,0,1,0
340,S2B_MSIL1C_20180423T085559_N0206_R007_T33KTB_20180423T111031,1,A,1,100.0,0.0,0.0,MAIN,0,0,0,0,0,1,1,0,0,0,0,0,0,0,0,0,0,0,0,0,0,0,0,0
341,S2B_MSIL1C_20180423T171859_N0206_R012_T14SMJ_20180423T204026,4,B,1,92.21864576192648,4.115620727555425,3.6657335105181117,MAIN,0,0,1,0,0,0,0,0,0,0,0,1,1,1,0,1,0,1,0,0,0,0,0,0
342,S2B_MSIL1C_20180424T014649_N0206_R017_T56WND_20180424T033816,1,A,1,100.0,0.0,0.0,MAIN,0,1,0,0,0,0,0,0,0,0,0,0,0,0,0,0,0,0,0,0,0,0,0,0
343,S2B_MSIL1C_20180426T142749_N0206_R053_T20KLC_20180426T190904,3,B,0,86.03425231980577,13.965747680194239,0.0,MAIN,1,0,0,0,0,1,0,0,0,0,0,1,1,1,1,1,0,1,0,0,1,0,0,0
344,S2B_MSIL1C_20180428T044659_N0206_R076_T45SYC_20180428T080201,1,A,1,0.0,100.0,0.0,MAIN,0,0,0,0,0,1,1,0,0,0,1,1,1,1,1,0,1,1,0,0,1,0,1,0
345,S2B_MSIL1C_20180504T082559_N0206_R021_T33JYG_20180504T112951,1,A,1,100.0,0.0,0.0,MAIN,0,0,0,1,0,1,1,0,0,0,0,0,0,0,0,0,0,0,0,0,0,0,0,0
346,S2B_MSIL1C_20180504T101029_N0206_R022_T31PDK_20180504T122226,3,B,0,79.65933417840772,20.34066582159229,0.0,MAIN,0,0,1,0,0,0,0,1,0,0,0,1,0,0,1,0,1,0,0,0,1,0,0,0
347,S2B_MSIL1C_20180505T025549_N0206_R032_T56XMJ_20180505T044859,1,B,1,100.0,0.0,0.0,MAIN,0,1,0,0,0,0,0,0,0,0,0,0,0,0,0,0,0,0,0,0,0,0,0,0
348,S2B_MSIL1C_20180505T212039_N0206_R043_T09XWD_20180505T230154,1,B,1,100.0,0.0,0.0,MAIN,0,1,0,0,0,0,0,0,0,0,0,0,0,0,0,0,0,0,0,0,0,0,0,0
349,S2B_MSIL1C_20180508T150719_N0206_R082_T18MYV_20180508T202621,1,B,1,0.0,100.0,0.0,MAIN,1,0,0,0,0,0,0,0,0,0,0,1,1,1,0,0,1,1,0,1,1,0,0,0
350,S2B_MSIL1C_20180509T105619_N0206_R094_T33WWS_20180509T112216,3,A,0,99.2665277783097,0.7334722216903276,0.0,MAIN,1,1,0,0,0,0,0,0,0,0,1,1,0,1,0,1,0,1,0,0,0,0,0,0
351,S2B_MSIL1C_20180509T155859_N0206_R097_T20VLP_20180509T200612,3,B,1,0.0,100.0,0.0,MAIN,0,1,0,0,0,0,0,0,0,0,0,1,1,0,1,0,1,1,0,1,0,0,0,0
352,S2B_MSIL1C_20180517T051649_N0206_R062_T44RKQ_20180517T090507,3,A,1,100.0,0.0,0.0,VALIDATION,0,0,1,0,0,0,0,1,0,0,0,0,0,0,0,0,0,0,0,0,0,0,0,0
353,S2B_MSIL1C_20180517T220529_N0206_R072_T04WES_20180517T234440,4,B,1,77.71291853202156,13.348026393894019,8.939055074084429,MAIN,1,0,0,0,0,0,0,0,1,0,1,1,1,1,0,1,0,1,0,0,0,0,0,0
354,S2B_MSIL1C_20180518T030539_N0206_R075_T54XWH_20180518T055019,4,B,1,0.0,100.0,0.0,MAIN,0,1,0,0,0,0,0,0,0,0,0,1,1,1,1,0,1,1,0,1,1,0,0,0
355,S2B_MSIL1C_20180520T152809_N0206_R111_T31XFK_20180520T172744,1,A,1,0.0,100.0,0.0,MAIN,0,0,0,0,0,0,0,0,0,0,0,0,1,1,0,0,1,1,0,1,0,0,0,0
356,S2B_MSIL1C_20180522T093029_N0206_R136_T33QUB_20180522T131802,1,B,1,100.0,0.0,0.0,MAIN,0,0,0,0,0,0,1,0,0,0,0,0,0,0,0,0,0,0,0,0,0,0,0,0
357,S2B_MSIL1C_20180524T164839_N0206_R026_T22XEM_20180524T202412,3,B,1,0.0,100.0,0.0,MAIN,0,1,0,0,0,0,0,0,0,0,0,1,1,1,1,0,1,1,0,1,0,0,0,0
358,S2B_MSIL1C_20180524T233649_N0206_R030_T01WFR_20180525T012151,1,B,1,0.0,100.0,0.0,MAIN,0,1,0,0,0,0,0,0,0,0,0,0,1,1,1,0,1,1,0,1,1,0,0,0
359,S2B_MSIL1C_20180526T091019_N0206_R050_T34RDP_20180526T130646,1,B,1,100.0,0.0,0.0,MAIN,0,0,0,0,0,0,1,0,0,0,0,0,0,0,0,0,0,0,0,0,0,0,0,0
360,S2B_MSIL1C_20180528T112649_N0206_R080_T33XXE_20180528T114620,1,B,1,0.0,100.0,0.0,MAIN,0,0,0,0,0,0,0,0,0,0,0,0,1,1,0,0,1,1,0,1,0,0,0,0
361,S2B_MSIL1C_20180529T073609_N0206_R092_T40VDM_20180529T095143,1,B,1,0.0,100.0,0.0,MAIN,0,0,0,0,0,0,0,0,0,0,0,0,1,1,1,0,1,1,1,1,1,0,1,0
362,S2B_MSIL1C_20180530T004659_N0206_R102_T54LZN_20180530T021537,4,A,0,48.247268507703325,51.752731492296675,0.0,MAIN,0,0,0,0,1,0,0,0,0,1,0,1,1,1,0,1,1,1,0,1,0,0,0,0
363,S2B_MSIL1C_20180531T045659_N0206_R119_T47VMF_20180531T075832,1,A,1,100.0,0.0,0.0,MAIN,1,0,1,0,0,0,0,0,0,0,0,0,0,0,0,0,0,0,0,0,0,0,0,0
364,S2B_MSIL1C_20180531T221559_N0206_R129_T60HWC_20180531T231251,4,B,0,47.68057720367186,52.31942279632814,0.0,VALIDATION,0,0,1,1,0,1,0,0,0,0,0,1,0,1,0,1,0,1,0,1,0,0,0,0
365,S2B_MSIL1C_20180601T142739_N0206_R139_T23VML_20180601T162552,1,A,1,0.0,100.0,0.0,MAIN,0,0,0,0,0,0,0,0,0,0,0,0,1,0,1,0,1,0,0,0,1,0,1,0
366,S2B_MSIL1C_20180605T140729_N0206_R053_T24WWU_20180605T160557,1,A,1,0.0,100.0,0.0,MAIN,0,1,0,0,0,0,0,0,0,0,0,1,0,1,0,0,1,1,0,1,0,0,0,0
367,S2B_MSIL1C_20180607T162859_N0206_R083_T15QWV_20180607T201318,1,A,1,0.0,100.0,0.0,MAIN,0,0,1,0,0,0,0,0,0,0,0,1,1,0,1,0,1,0,0,0,1,0,1,0
368,S2B_MSIL1C_20180611T174909_N0206_R141_T14VNN_20180611T213053,1,A,1,100.0,0.0,0.0,MAIN,0,1,0,0,0,0,0,0,1,0,1,0,0,0,0,0,0,0,0,0,0,0,0,0
369,S2B_MSIL1C_20180612T171859_N0206_R012_T15UVU_20180612T204912,1,B,1,0.0,100.0,0.0,MAIN,0,0,0,0,0,0,0,0,0,0,0,1,1,1,1,0,1,1,0,1,1,0,1,0
370,S2B_MSIL1C_20180615T022549_N0206_R046_T50NMH_20180615T060131,1,B,1,0.0,100.0,0.0,MAIN,0,0,0,0,0,0,0,0,0,0,0,0,1,1,1,0,1,1,1,1,1,0,1,0
371,S2B_MSIL1C_20180615T205019_N0206_R057_T08WPC_20180615T223116,1,A,1,0.0,100.0,0.0,MAIN,0,1,0,0,0,0,0,0,0,1,0,1,0,1,0,0,1,1,0,1,0,0,0,0
372,S2B_MSIL1C_20180617T044659_N0206_R076_T45QTC_20180617T074321,1,A,1,100.0,0.0,0.0,MAIN,1,0,1,1,0,0,0,0,0,0,1,0,0,0,0,0,0,0,0,0,0,0,0,0
373,S2B_MSIL1C_20180617T095029_N0206_R079_T33SUT_20180617T120017,1,A,1,100.0,0.0,0.0,VALIDATION,0,0,0,0,0,0,0,0,0,1,0,0,0,0,0,0,0,0,0,0,0,0,0,0
374,S2B_MSIL1C_20180617T233819_N0206_R087_T57LYF_20180618T010340,3,A,0,8.269537877076145,91.73046212292385,0.0,VALIDATION,0,0,0,0,0,0,0,0,0,1,0,1,1,0,1,1,1,1,0,1,1,0,1,0
375,S2B_MSIL1C_20180618T191909_N0206_R099_T09UYR_20180618T223618,1,A,1,100.0,0.0,0.0,MAIN,1,1,0,0,0,0,0,0,0,0,1,0,0,0,0,0,0,0,0,0,0,0,0,0
376,S2B_MSIL1C_20180618T210019_N0206_R100_T06VXP_20180618T225117,1,B,1,0.0,100.0,0.0,MAIN,1,0,0,0,0,0,0,0,0,0,0,1,1,0,1,0,1,1,1,1,1,0,0,0
377,S2B_MSIL1C_20180619T141049_N0206_R110_T21LTG_20180619T155414,1,A,1,100.0,0.0,0.0,MAIN,1,0,0,0,0,1,0,0,0,0,0,0,0,0,0,0,0,0,0,0,0,0,0,0
378,S2B_MSIL1C_20180621T010649_N0206_R131_T55TEH_20180621T043619,1,A,1,0.0,100.0,0.0,MAIN,0,0,0,0,0,0,0,0,0,0,0,0,1,0,1,0,1,0,0,0,1,0,1,0
379,S2B_MSIL1C_20180622T085559_N0206_R007_T45XVL_20180622T101430,1,A,1,0.0,100.0,0.0,MAIN,0,0,0,0,0,0,0,0,0,0,0,0,1,1,0,0,1,1,0,1,0,0,0,0
380,S2B_MSIL1C_20180623T152639_N0206_R025_T18PXV_20180623T201712,3,A,1,87.05475622412598,9.790193052263126,3.1550507236108927,VALIDATION,0,0,0,0,0,0,0,0,0,1,0,1,0,1,0,1,0,1,0,0,0,0,0,0
381,S2B_MSIL1C_20180624T075609_N0206_R035_T37QBE_20180624T101209,1,A,1,100.0,0.0,0.0,MAIN,0,0,0,0,0,1,1,0,0,0,0,0,0,0,0,0,0,0,0,0,0,0,0,0
382,S2B_MSIL1C_20180625T230019_N0206_R058_T58KHC_20180626T001009,3,B,1,28.796228568364853,59.2786485958617,11.925122835773456,VALIDATION,0,0,0,0,0,0,0,0,0,1,0,0,1,1,0,1,1,1,1,0,0,0,0,0
383,S2B_MSIL1C_20180626T083559_N0206_R064_T38WNV_20180626T104049,1,A,1,100.0,0.0,0.0,MAIN,0,0,0,0,1,0,0,0,1,1,0,0,0,0,0,0,0,0,0,0,0,0,0,0
384,S2B_MSIL1C_20180628T023549_N0206_R089_T53WMM_20180628T040045,1,A,1,0.0,100.0,0.0,MAIN,0,0,0,0,0,0,0,0,0,0,0,0,1,0,1,0,1,0,0,0,1,0,1,0
385,S2B_MSIL1C_20180629T022329_N0206_R103_T51PWL_20180629T035048,3,A,0,0.0,100.0,0.0,MAIN,1,0,0,0,0,1,0,0,0,1,0,1,1,1,1,1,1,1,0,0,1,0,0,0
386,S2B_MSIL1C_20180630T002059_N0206_R116_T55HCC_20180630T014728,1,A,1,100.0,0.0,0.0,MAIN,0,0,1,0,0,0,1,1,0,0,0,0,0,0,0,0,0,0,0,0,0,0,0,0
387,S2B_MSIL1C_20180701T060629_N0206_R134_T42TYS_20180701T084902,1,A,1,0.0,100.0,0.0,MAIN,0,0,0,0,0,0,0,0,0,0,0,0,1,1,1,0,1,1,1,0,0,0,1,0
388,S2B_MSIL1C_20180701T074609_N0206_R135_T38TNN_20180701T100320,3,B,1,98.9326787198272,0.7236108930342637,0.34371038713852964,MAIN,1,1,0,0,0,1,0,0,0,0,0,0,1,1,0,1,0,1,0,0,0,0,0,0
389,S2B_MSIL1C_20180704T013709_N0206_R031_T51HXD_20180704T040609,1,A,1,100.0,0.0,0.0,MAIN,0,0,0,0,1,0,0,1,0,1,0,0,0,0,0,0,0,0,0,0,0,0,0,0
390,S2B_MSIL1C_20180705T140739_N0206_R053_T26XMF_20180705T175145,1,A,1,100.0,0.0,0.0,MAIN,0,1,0,0,0,1,1,0,0,0,0,0,0,0,0,0,0,0,0,0,0,0,0,0
391,S2B_MSIL1C_20180708T141739_N0206_R096_T25WDT_20180708T180006,4,B,1,0.0,100.0,0.0,MAIN,0,0,0,0,0,0,0,0,0,0,0,0,1,0,1,0,1,0,1,0,1,0,0,0
392,S2B_MSIL1C_20180709T034539_N0206_R104_T48TWM_20180709T072619,5,B,1,0.0,100.0,0.0,MAIN,0,0,0,0,0,0,1,0,0,0,0,1,0,1,1,0,1,0,0,0,1,1,1,0
393,S2B_MSIL1C_20180709T070619_N0206_R106_T39RXL_20180709T105616,1,B,1,100.0,0.0,0.0,MAIN,0,0,0,0,1,0,1,0,0,1,0,0,0,0,0,0,0,0,0,0,0,0,0,0
394,S2B_MSIL1C_20180710T045659_N0206_R119_T47VNL_20180710T073026,3,B,0,82.9598155644318,17.040184435568186,0.0,MAIN,1,0,0,0,0,0,0,0,0,0,0,1,0,0,1,1,0,0,0,0,1,0,0,0
395,S2B_MSIL1C_20180710T220919_N0206_R129_T01KDB_20180711T010329,3,B,1,78.44236962940553,17.15919056682534,4.398439803769134,MAIN,0,0,0,0,0,0,0,0,0,1,0,1,1,1,0,1,0,1,0,0,0,0,0,0
396,S2B_MSIL1C_20180711T093029_N0206_R136_T34UGD_20180711T113526,4,A,1,68.05379498393465,21.574863760478856,10.37134125558649,MAIN,1,0,1,0,0,0,0,0,0,0,0,0,1,1,1,1,0,1,0,0,0,0,0,0
397,S2B_MSIL1C_20180712T085559_N0206_R007_T35SMA_20180712T125021,1,B,1,100.0,0.0,0.0,MAIN,0,0,0,0,1,1,0,1,0,1,0,0,0,0,0,0,0,0,0,0,0,0,0,0
398,S2B_MSIL1C_20180718T073729_N0206_R092_T35JQH_20180718T113136,1,B,1,100.0,0.0,0.0,VALIDATION,1,0,1,1,0,1,0,1,0,0,0,0,0,0,0,0,0,0,0,0,0,0,0,0
399,S2B_MSIL1C_20180718T073729_N0206_R092_T39UWU_20180718T095324,1,A,1,0.0,100.0,0.0,MAIN,0,0,0,0,0,0,0,0,0,0,0,0,1,0,1,0,1,0,0,0,1,0,1,0
400,S2B_MSIL1C_20180719T141049_N0206_R110_T19GEM_20180719T191500,2,B,1,0.0,100.0,0.0,MAIN,0,0,0,0,0,0,0,1,0,0,0,0,1,1,0,0,1,1,0,1,0,0,1,0
401,S2B_MSIL1C_20180720T181919_N0206_R127_T12TWS_20180720T220347,3,A,1,94.05601234676644,3.8029304422087837,2.1410572110247745,MAIN,1,0,0,0,0,1,0,1,0,0,0,0,1,1,0,1,0,1,0,0,0,0,0,0
402,S2B_MSIL1C_20180720T181919_N0206_R127_T18XWL_20180720T214653,3,B,0,80.34043604306048,19.6595639569395,0.0,MAIN,0,1,0,0,0,0,0,0,0,1,0,1,0,1,0,1,0,0,0,0,0,1,0,0
403,S2B_MSIL1C_20180722T021559_N0206_R003_T50PRS_20180722T055159,1,A,1,0.0,100.0,0.0,MAIN,0,0,0,0,0,0,0,0,0,0,0,0,1,0,1,0,1,0,0,0,1,0,1,0
404,S2B_MSIL1C_20180723T114639_N0206_R023_T38XMP_20180723T184851,1,A,1,0.0,100.0,0.0,MAIN,0,0,0,0,0,0,0,0,0,0,0,0,1,1,0,0,1,1,0,1,0,0,0,0
405,S2B_MSIL1C_20180725T004639_N0206_R045_T58WDU_20180725T022607,1,A,1,0.0,100.0,0.0,MAIN,0,0,0,0,0,0,0,0,0,0,0,0,1,1,1,0,1,1,0,1,1,0,0,0
406,S2B_MSIL1C_20180803T161829_N0206_R040_T21XWC_20180803T201858,3,B,1,0.0,99.73345690312156,0.2665430968784586,MAIN,0,1,0,0,0,0,0,0,0,0,0,1,1,1,0,0,1,1,0,1,0,0,0,0
407,S2B_MSIL1C_20180805T051649_N0206_R062_T44SNF_20180805T091028,3,B,0,99.78266780534695,0.2173321946530536,0.0,MAIN,0,0,1,0,0,0,1,0,0,0,1,1,0,0,1,1,0,0,0,0,1,0,0,0
408,S2B_MSIL1C_20180805T083559_N0206_R064_T36SUH_20180805T123757,3,B,1,97.1790855580363,1.7271686306348402,1.0937458113288474,MAIN,0,0,1,0,0,0,0,1,0,0,0,0,1,1,0,1,0,1,0,0,0,0,0,0
409,S2B_MSIL1C_20180806T150719_N0206_R082_T19NDE_20180806T195454,3,A,1,99.25982590446573,0.7401740955342543,0.0,MAIN,1,0,0,0,0,0,0,1,0,0,0,1,0,0,1,1,0,1,0,1,0,0,0,0
410,S2B_MSIL1C_20180807T023549_N0206_R089_T53VMK_20180807T042942,2,B,1,98.07972166160515,0.9157631902451354,1.0045151481497083,VALIDATION,1,0,0,1,0,0,0,0,1,0,1,1,1,1,0,1,0,1,0,0,0,0,0,0
411,S2B_MSIL1C_20180808T022319_N0206_R103_T50MRV_20180808T054332,1,A,1,0.0,100.0,0.0,MAIN,0,0,1,0,1,0,0,0,0,1,0,1,1,1,0,0,1,1,0,1,0,0,0,0
412,S2B_MSIL1C_20180808T054709_N0206_R105_T42NYH_20180808T091240,1,B,1,0.0,100.0,0.0,MAIN,0,0,0,0,0,0,0,0,0,1,0,1,1,0,1,0,1,0,0,0,1,0,1,0
413,S2B_MSIL1C_20180808T170849_N0206_R112_T21XVG_20180808T203622,1,A,1,0.0,100.0,0.0,MAIN,0,0,0,0,0,0,0,0,0,0,0,0,1,1,1,0,1,1,0,1,1,0,0,0
414,S2B_MSIL1C_20180810T092549_N0206_R136_T39XWF_20180810T114345,1,B,1,0.0,100.0,0.0,MAIN,0,0,0,0,0,0,0,0,0,0,0,0,1,0,1,0,1,1,1,1,1,0,0,0
415,S2B_MSIL1C_20180810T160819_N0206_R140_T16QDD_20180810T211922,2,B,1,0.0,100.0,0.0,MAIN,0,0,0,0,0,0,0,0,0,1,0,1,0,0,1,0,1,0,0,0,1,0,1,0
416,S2B_MSIL1C_20180810T174859_N0206_R141_T16WEB_20180810T212348,1,A,1,0.0,100.0,0.0,MAIN,0,1,0,0,0,0,0,0,0,1,0,1,1,1,0,0,1,1,0,1,0,0,0,0
417,S2B_MSIL1C_20180811T104019_N0206_R008_T31UGQ_20180811T143244,3,A,1,33.382416580818855,50.48129028304885,16.136293136132288,VALIDATION,1,0,1,1,0,0,0,0,0,0,0,0,1,1,1,1,0,1,0,0,0,0,0,0
418,S2B_MSIL1C_20180812T135109_N0206_R024_T22MCS_20180812T190350,3,B,1,55.61875528969329,34.12383531006698,10.257409400239736,MAIN,1,0,0,0,0,0,0,0,0,0,0,1,1,1,0,1,0,1,0,1,0,0,0,0
419,S2B_MSIL1C_20180812T164839_N0206_R026_T29XMK_20180812T203454,3,A,0,0.0,100.0,0.0,MAIN,0,1,0,0,0,0,0,0,0,1,0,1,0,1,1,0,1,1,0,1,1,0,0,0
420,S2B_MSIL1C_20180816T162829_N0206_R083_T18VUM_20180816T213305,1,B,1,0.0,100.0,0.0,VALIDATION,0,0,0,0,0,0,0,0,0,0,0,0,1,0,1,0,1,0,1,0,1,0,1,0
421,S2B_MSIL1C_20180816T213519_N0206_R086_T05WPP_20180816T233754,2,B,1,0.0,100.0,0.0,MAIN,1,0,0,0,0,0,0,0,1,0,0,1,0,1,1,0,1,1,0,1,1,0,0,0
422,S2B_MSIL1C_20180816T231549_N0206_R087_T01WEM_20180905T112147,3,B,0,39.68208225305509,60.31791774694491,0.0,MAIN,0,0,0,0,0,0,0,0,0,1,0,1,0,0,1,1,1,0,0,0,1,0,0,0
423,S2B_MSIL1C_20180819T121639_N0206_R123_T24FVF_20180819T184457,1,B,1,100.0,0.0,0.0,MAIN,0,0,0,0,0,0,0,0,0,1,0,0,0,0,0,0,0,0,0,0,0,0,0,0
424,S2B_MSIL1C_20180820T142739_N0206_R139_T24WWA_20180820T182826,4,B,0,91.83931970236021,8.160680297639791,0.0,MAIN,0,1,0,0,0,0,0,0,0,0,0,1,1,1,0,0,1,1,0,1,0,0,0,0
425,S2B_MSIL1C_20180821T171849_N0206_R012_T14RKU_20180821T222028,2,B,1,96.0146828481815,2.705833693957973,1.2794834578605319,VALIDATION,0,0,0,0,0,0,0,1,0,0,0,1,1,1,0,1,0,1,0,0,0,0,0,0
426,S2B_MSIL1C_20180822T014649_N0206_R017_T56WNB_20180822T032508,1,B,1,0.0,100.0,0.0,MAIN,0,0,0,0,0,0,0,0,0,0,0,0,1,1,0,0,1,1,0,1,0,0,0,0
427,S2B_MSIL1C_20180822T182909_N0206_R027_T14WNV_20180822T225726,3,A,1,18.99722733904971,76.07517204667569,4.927600614274609,MAIN,0,0,0,0,0,0,0,0,1,0,1,1,1,1,0,1,1,1,0,1,0,0,0,0
428,S2B_MSIL1C_20180823T175909_N0206_R041_T14VMP_20180823T214140,3,B,0,0.2758299792050429,99.72417002079494,0.0,MAIN,0,0,0,0,0,0,0,0,0,0,0,0,1,1,0,0,1,1,0,1,0,0,0,0
429,S2B_MSIL1C_20180824T111239_N0206_R051_T28LGP_20180824T164334,1,B,1,0.0,100.0,0.0,MAIN,0,0,0,0,0,0,0,0,0,0,0,0,1,1,0,0,1,1,0,1,0,0,0,0
430,S2B_MSIL1C_20180826T062619_N0206_R077_T40QHL_20180826T092057,3,B,1,30.472079993566204,61.90769796377924,7.620222042654555,MAIN,0,0,0,0,0,0,0,0,0,1,0,1,1,1,0,1,0,1,0,0,0,0,0,0
431,S2B_MSIL1C_20180827T174039_N0206_R098_T12RYN_20180827T214315,1,A,1,0.0,100.0,0.0,MAIN,0,0,0,0,0,0,0,0,0,0,0,0,1,0,1,0,1,0,0,0,1,0,1,0
432,S2B_MSIL1C_20180831T125859_N0206_R009_T21DWJ_20180831T175841,1,B,1,0.0,100.0,0.0,MAIN,0,1,0,0,0,0,0,0,0,1,0,1,0,0,1,0,1,0,0,0,1,0,0,0
433,S2B_MSIL1C_20180905T181029_N0206_R084_T13UCT_20180905T215631,2,B,1,99.9529911420376,0.027477682760099726,0.01953117520230085,VALIDATION,0,0,1,1,0,0,0,0,0,0,1,1,0,1,0,1,0,1,0,0,0,0,0,0
434,S2B_MSIL1C_20180906T031609_N0206_R089_T45DWG_20180906T065459,1,B,1,100.0,0.0,0.0,MAIN,0,1,0,0,0,0,0,0,0,0,0,0,0,0,0,0,0,0,0,0,0,0,0,0
435,S2B_MSIL1C_20180906T143739_N0206_R096_T17FPD_20180906T205759,3,A,0,19.40958406256104,80.59041593743896,0.0,MAIN,0,0,0,0,0,0,0,0,0,1,0,1,1,1,0,1,1,1,0,0,0,1,0,0
436,S2B_MSIL1C_20180907T020649_N0206_R103_T52RBQ_20180907T035637,1,A,1,0.0,100.0,0.0,MAIN,0,0,0,0,0,0,0,0,0,0,0,0,1,0,1,0,1,0,1,0,0,0,1,0
437,S2B_MSIL1C_20180908T013649_N0206_R117_T53SPS_20180908T032319,4,B,0,41.35563589293852,58.64436410706147,0.0,MAIN,0,0,0,0,0,0,0,0,0,1,0,1,1,1,1,1,1,1,0,0,1,0,0,0
438,S2B_MSIL1C_20180909T142739_N0206_R139_T31XDJ_20180909T181648,3,A,0,5.2208554654738615,94.77914453452614,0.0,VALIDATION,0,0,0,0,0,0,0,0,0,1,0,1,0,1,0,1,1,1,0,1,0,1,0,0
439,S2B_MSIL1C_20180909T174859_N0206_R141_T13SDC_20180909T214825,4,B,1,42.259910156594074,48.27819286844029,9.461896974965631,MAIN,0,0,1,0,0,1,0,0,0,0,0,0,1,1,1,1,0,1,1,0,0,0,0,0
440,S2B_MSIL1C_20180910T172149_N0206_R012_T17WMT_20180910T221954,1,B,1,0.0,100.0,0.0,MAIN,0,1,0,0,0,0,0,0,1,0,0,1,1,1,0,0,1,1,0,1,0,0,0,0
441,S2B_MSIL1C_20180911T135109_N0206_R024_T21JWL_20180911T201337,3,A,0,99.8374316887573,0.1625683112426806,0.0,MAIN,0,0,1,1,0,0,0,0,0,0,0,1,0,1,0,1,0,1,0,0,0,0,0,0
442,S2B_MSIL1C_20180914T015649_N0206_R060_T52SGG_20180914T033729,3,A,0,7.644827493767258,92.35517250623276,0.0,MAIN,0,0,0,0,0,0,0,0,0,1,0,1,1,1,1,1,1,1,0,1,0,0,0,0
443,S2B_MSIL1C_20180916T143739_N0206_R096_T19KFT_20180916T192127,3,A,1,0.0,100.0,0.0,MAIN,0,1,0,0,0,0,1,0,0,0,0,1,0,0,1,0,1,0,0,0,1,0,0,0
444,S2B_MSIL1C_20180918T013649_N0206_R117_T54TUQ_20180918T031623,3,B,1,100.0,0.0,0.0,MAIN,0,0,0,0,0,0,0,0,0,1,0,0,0,0,0,0,0,0,0,0,0,0,0,0
445,S2B_MSIL1C_20180918T151659_N0206_R125_T19PCL_20180918T200511,4,B,1,47.221690327472714,46.21372850134612,6.5645811711811755,MAIN,1,0,0,1,0,1,0,0,0,0,0,1,1,1,1,1,1,1,0,0,1,0,0,0
446,S2B_MSIL1C_20180920T085619_N0206_R007_T34RGR_20180920T125807,1,A,1,100.0,0.0,0.0,MAIN,0,0,0,0,0,0,1,0,0,0,0,0,0,0,0,0,0,0,0,0,0,0,0,0
447,S2B_MSIL1C_20180922T075619_N0206_R035_T35KMQ_20180922T114414,1,A,1,100.0,0.0,0.0,MAIN,0,0,0,0,0,0,1,0,0,0,0,0,0,0,0,0,0,0,0,0,0,0,0,0
448,S2B_MSIL1C_20180926T110029_N0206_R094_T33WWV_20180926T152251,1,A,1,0.0,100.0,0.0,MAIN,0,0,0,0,0,0,0,0,0,0,0,0,1,1,0,0,1,1,0,1,0,0,0,0
449,S2B_MSIL1C_20180926T230859_N0206_R101_T58LHJ_20180927T002339,3,A,1,0.2902868784969421,99.61291891498577,0.0967942065172851,MAIN,1,0,0,0,1,0,0,0,0,1,0,0,1,1,1,0,1,1,1,0,1,0,0,0
450,S2B_MSIL1C_20180930T125859_N0206_R009_T21DVG_20180930T173801,1,B,1,100.0,0.0,0.0,MAIN,0,1,0,0,0,0,0,0,0,0,0,0,0,0,0,0,0,0,0,0,0,0,0,0
451,S2B_MSIL1C_20181001T165109_N0206_R026_T16UDV_20181001T221311,1,A,1,0.0,100.0,0.0,MAIN,0,0,0,0,0,0,0,0,0,0,0,0,1,0,1,0,1,0,0,0,1,0,1,0
452,S2B_MSIL1C_20181002T112109_N0206_R037_T30UXG_20181002T133126,3,B,0,96.73944263387472,3.2605573661252834,0.0,MAIN,0,0,0,0,0,0,0,0,0,1,0,1,0,1,1,1,0,1,0,1,1,0,0,0
453,S2B_MSIL1C_20181004T102019_N0206_R065_T32TML_20181004T141056,3,A,1,66.26238410545304,23.186472937833425,10.551142956713553,MAIN,0,0,1,0,1,0,0,1,0,1,0,0,1,1,0,1,0,1,0,0,0,0,0,0
454,S2B_MSIL1C_20181004T210519_N0206_R071_T56CNU_20181004T234310,1,B,1,0.0,100.0,0.0,MAIN,0,0,0,0,0,0,0,0,0,0,0,0,1,0,1,0,1,0,0,0,1,0,1,0
455,S2B_MSIL1C_20181007T020649_N0206_R103_T52TEK_20181007T040016,2,B,0,20.741246395349282,79.25875360465072,0.0,MAIN,0,0,0,0,0,0,0,0,0,1,0,1,1,1,1,1,1,1,0,0,1,0,0,0
456,S2B_MSIL1C_20181007T103019_N0206_R108_T31RCK_20181007T160704,1,B,1,100.0,0.0,0.0,MAIN,0,0,0,0,0,0,1,0,0,0,0,0,0,0,0,0,0,0,0,0,0,0,0,0
457,S2B_MSIL1C_20181010T021649_N0206_R003_T50PRV_20181010T074252,1,B,1,100.0,0.0,0.0,MAIN,0,0,1,0,1,0,0,0,0,1,0,0,0,0,0,0,0,0,0,0,0,0,0,0
458,S2B_MSIL1C_20181010T071809_N0206_R006_T39TXJ_20181010T110901,1,A,1,100.0,0.0,0.0,MAIN,0,0,0,0,0,0,1,0,0,0,0,0,0,0,0,0,0,0,0,0,0,0,0,0
459,S2B_MSIL1C_20181010T204349_N0206_R014_T09WWV_20181010T224051,3,B,0,72.29904909984259,27.700950900157398,0.0,MAIN,0,1,0,0,0,0,0,0,0,0,0,1,0,1,0,0,1,1,0,1,0,0,0,0
460,S2B_MSIL1C_20181013T040709_N0206_R047_T48TTM_20181013T065621,4,B,0,98.54023613573784,1.4597638642621618,0.0,MAIN,0,0,0,0,0,0,1,0,0,0,1,1,0,0,1,1,0,0,0,0,0,0,0,1
461,S2B_MSIL1C_20181014T021339_N0206_R060_T50HLJ_20181014T061356,3,B,1,37.364382795715386,52.40951512900149,10.226102075283107,MAIN,0,0,0,0,0,0,0,0,0,1,0,1,1,1,0,1,0,1,0,1,0,0,0,0
462,S2B_MSIL1C_20181017T141049_N0206_R110_T19GGP_20181017T190310,4,B,1,0.0,100.0,0.0,MAIN,0,0,0,0,0,0,0,1,0,0,0,1,1,1,1,0,1,1,0,0,1,0,0,0
463,S2B_MSIL1C_20181017T141049_N0206_R110_T19GGR_20181017T190310,4,B,1,20.71453464102849,65.13311836275136,14.152346996220146,MAIN,0,0,0,0,0,0,1,0,0,0,0,1,1,1,1,1,0,1,1,1,0,0,0,0
464,S2B_MSIL1C_20181020T035759_N0206_R004_T49VEJ_20181020T065023,1,B,1,0.0,100.0,0.0,MAIN,1,1,0,0,0,0,0,0,0,0,0,1,1,1,0,0,1,1,0,1,0,0,0,0
465,S2B_MSIL1C_20181022T162319_N0206_R040_T17UPV_20181022T200946,4,B,0,41.792598067562544,58.20740193243745,0.0,MAIN,0,1,0,0,0,0,0,1,1,0,0,1,0,0,1,1,1,0,0,0,1,0,0,0
466,S2B_MSIL1C_20181022T184459_N0206_R041_T04CEB_20181022T212451,1,A,1,0.0,100.0,0.0,MAIN,0,0,0,0,0,0,0,0,0,0,0,0,1,0,1,0,1,0,0,0,1,0,1,0
467,S2B_MSIL1C_20181023T072949_N0206_R049_T37NFG_20181023T094608,3,B,1,31.199903493016645,57.08014675188898,11.71994975509438,MAIN,0,0,0,0,0,0,0,1,0,0,0,0,1,1,1,1,0,1,1,0,0,0,0,0
468,S2B_MSIL1C_20181024T102059_N0206_R065_T31QEF_20181024T160131,1,A,1,0.0,100.0,0.0,MAIN,0,0,0,0,0,0,1,0,0,0,0,1,1,0,1,0,1,1,0,1,1,0,0,0
469,S2B_MSIL1C_20181025T001109_N0206_R073_T55GCR_20181025T013455,2,B,1,0.0,100.0,0.0,MAIN,0,0,0,0,0,0,0,0,0,1,0,1,1,1,1,0,1,1,0,1,1,0,0,0
470,S2B_MSIL1C_20181025T044849_N0206_R076_T48VUN_20181025T075235,1,B,1,0.0,100.0,0.0,MAIN,0,0,0,0,0,0,0,0,0,0,0,0,1,1,0,0,1,1,0,1,0,0,0,0
471,S2B_MSIL1C_20181025T081009_N0206_R078_T37TGL_20181025T102247,1,A,1,0.0,100.0,0.0,MAIN,0,0,0,0,0,0,0,0,0,0,0,0,1,1,1,0,1,1,0,1,1,0,0,0
472,S2B_MSIL1C_20181025T113319_N0206_R080_T30VVJ_20181025T133750,1,A,1,0.0,100.0,0.0,MAIN,0,0,0,0,0,0,0,0,0,0,0,0,1,1,1,0,1,1,1,1,1,0,1,0
473,S2B_MSIL1C_20181025T150719_N0206_R082_T18LYM_20181025T195659,1,A,1,0.0,100.0,0.0,MAIN,0,0,0,0,0,0,0,0,0,0,0,0,1,0,1,0,1,0,0,0,1,0,1,0
474,S2B_MSIL1C_20181025T163349_N0206_R083_T15QYB_20181025T200726,3,B,1,99.65810869290482,0.1833441201588536,0.15854718693632455,MAIN,1,0,1,1,1,0,0,0,0,0,1,1,1,1,0,1,0,1,0,0,0,0,0,0
475,S2B_MSIL1C_20181101T152259_N0206_R039_T12CVB_20181103T185404,1,A,1,100.0,0.0,0.0,MAIN,0,1,0,0,0,1,0,0,0,0,0,0,0,0,0,0,0,0,0,0,0,0,0,0
476,S2B_MSIL1C_20181103T120359_N0206_R066_T28UFF_20181103T153742,2,B,0,91.9960478092532,8.00395219074682,0.0,MAIN,0,0,0,0,0,0,0,0,0,1,0,1,1,1,0,1,0,1,0,0,0,0,0,0
477,S2B_MSIL1C_20181103T174429_N0206_R069_T58CDR_20181103T202928,1,A,1,0.0,100.0,0.0,MAIN,0,1,0,0,0,0,0,0,0,0,0,0,1,1,1,0,1,1,0,1,0,0,1,0
478,S2B_MSIL1C_20181104T044939_N0206_R076_T46TBM_20181104T074115,1,A,1,100.0,0.0,0.0,MAIN,0,0,0,0,0,0,0,1,0,0,0,0,0,0,0,0,0,0,0,0,0,0,0,0
479,S2B_MSIL1C_20181105T143749_N0206_R096_T19JCG_20181105T194301,1,A,1,100.0,0.0,0.0,MAIN,0,1,0,0,0,1,1,0,0,0,1,0,0,0,0,0,0,0,0,0,0,0,0,0
480,S2B_MSIL1C_20181105T224729_N0206_R101_T02VMH_20181106T002100,3,A,0,50.80365041494174,49.19634958505827,0.0,MAIN,0,0,0,0,0,0,0,0,0,1,0,1,1,1,1,1,0,1,1,1,0,0,1,0
481,S2B_MSIL1C_20181107T082129_N0207_R121_T35MMR_20181107T134854,3,A,0,54.579869102829726,45.420130897170274,0.0,MAIN,1,0,0,0,0,0,0,1,0,0,0,1,1,1,1,1,1,1,0,0,1,0,0,0
482,S2B_MSIL1C_20181109T005709_N0207_R002_T54MXT_20181109T021944,4,B,0,9.232214184228766,90.76778581577123,0.0,MAIN,1,0,0,0,0,0,0,0,0,0,0,1,1,1,0,1,1,1,0,1,0,0,0,0
483,S2B_MSIL1C_20181111T094229_N0207_R036_T32NKF_20181111T131623,4,B,1,58.345460533622344,36.19270376568717,5.461835700690483,MAIN,0,0,0,0,0,0,0,0,0,1,0,1,1,1,1,1,0,1,0,0,1,1,0,0
484,S2B_MSIL1C_20181114T001109_N0207_R073_T56KKD_20181114T012615,3,B,1,87.12120051623577,9.950750801352632,2.9280486824116023,MAIN,0,0,0,0,0,0,0,0,0,1,0,0,1,1,0,1,0,1,0,0,0,0,0,0
485,S2B_MSIL1C_20181114T063119_N0207_R077_T41SMT_20181114T101739,1,B,1,100.0,0.0,0.0,MAIN,0,0,0,0,0,1,1,0,0,0,0,0,0,0,0,0,0,0,0,0,0,0,0,0
486,S2B_MSIL1C_20181115T042029_N0207_R090_T46RFR_20181115T071700,1,A,1,0.0,100.0,0.0,MAIN,0,0,0,0,0,0,0,0,0,0,0,0,1,0,1,0,1,0,1,0,0,0,0,0
487,S2B_MSIL1C_20181116T221809_N0207_R115_T04VCK_20181116T234808,1,A,1,0.0,100.0,0.0,MAIN,0,0,0,0,0,0,0,0,0,0,0,0,1,1,1,0,1,1,0,1,0,0,0,0
488,S2B_MSIL1C_20181120T151649_N0207_R025_T20TMQ_20181120T184854,1,A,1,0.0,100.0,0.0,MAIN,0,0,0,0,0,0,0,0,0,1,0,1,1,1,1,0,1,1,0,1,1,0,0,0
489,S2B_MSIL1C_20181125T200529_N0207_R099_T58CET_20181125T210826,1,B,1,100.0,0.0,0.0,MAIN,0,1,0,0,0,0,0,0,0,0,0,0,0,0,0,0,0,0,0,0,0,0,0,0
490,S2B_MSIL1C_20181129T072239_N0207_R006_T39RTM_20181129T093251,1,A,1,100.0,0.0,0.0,MAIN,0,0,0,0,0,0,0,0,0,1,0,0,0,0,0,0,0,0,0,0,0,0,0,0
491,S2B_MSIL1C_20181129T090319_N0207_R007_T34PCS_20181129T111949,2,A,0,99.94437444709541,0.05562555290459212,0.0,MAIN,0,0,0,0,0,0,0,1,0,0,0,1,0,0,1,1,0,1,0,0,0,0,0,0
492,S2B_MSIL1C_20181130T033109_N0207_R018_T48RYT_20181130T074538,3,A,1,0.0,100.0,0.0,MAIN,0,0,0,0,0,0,0,0,0,0,0,0,1,0,1,0,1,1,0,1,0,0,0,0
493,S2B_MSIL1C_20181203T153619_N0207_R068_T18QWH_20181203T202253,4,B,1,25.9936006678896,55.53364149187542,18.472757840234987,MAIN,1,0,0,0,0,0,0,0,0,0,0,0,1,1,0,1,0,1,0,0,0,0,0,0
494,S2B_MSIL1C_20181205T060219_N0207_R091_T43UGU_20181205T065303,1,A,1,0.0,100.0,0.0,MAIN,0,1,0,0,0,0,0,0,0,1,0,1,0,0,1,0,1,0,0,0,1,0,0,0
495,S2B_MSIL1C_20181205T160639_N0207_R097_T17RNP_20181205T194047,4,B,0,69.17071013055251,30.8292898694475,0.0,MAIN,0,0,0,0,0,0,0,0,0,1,0,1,0,0,1,1,1,0,0,0,1,0,0,0
496,S2B_MSIL1C_20181209T054219_N0207_R005_T43SFS_20181209T091524,5,A,0,99.9001420797255,0.09985792027450877,0.0,MAIN,0,1,0,0,0,1,1,0,0,0,0,1,0,1,0,1,0,1,0,0,0,0,0,0
497,S2B_MSIL1C_20181209T072259_N0207_R006_T41VLD_20181209T093326,1,B,1,0.0,100.0,0.0,MAIN,0,0,0,0,0,0,0,0,0,0,0,0,1,1,1,0,1,1,0,1,0,0,0,0
498,S2B_MSIL1C_20181211T080319_N0207_R035_T35LQD_20181211T101336,4,B,1,65.33905737186974,25.188322655014343,9.472619973115913,MAIN,0,0,1,0,0,0,0,1,0,0,0,0,1,1,0,1,0,1,1,0,0,0,0,0
499,S2B_MSIL1C_20181212T080919_N0207_R049_T22CEP_20181212T094237,1,A,1,0.0,100.0,0.0,VALIDATION,0,1,0,0,0,0,0,0,0,0,0,0,1,1,1,0,1,1,0,1,1,0,1,0
500,S2B_MSIL1C_20181214T031129_N0207_R075_T49RFJ_20181214T072540,1,B,1,0.0,100.0,0.0,MAIN,0,0,0,0,0,0,0,0,0,0,0,0,1,1,1,0,1,1,0,1,1,0,0,0
501,S2B_MSIL1C_20181214T150719_N0207_R082_T19QGU_20181214T182650,3,A,1,70.35177178396222,19.635724434266105,10.012503781771668,CALIBRATION,0,0,0,0,0,0,0,0,0,1,0,1,1,1,0,1,0,1,0,0,0,0,0,0
502,S2B_MSIL1C_20181218T043159_N0207_R133_T46RDT_20181218T072156,1,A,1,0.0,100.0,0.0,MAIN,0,0,0,0,0,0,0,0,0,0,0,0,1,0,1,0,1,0,0,0,1,0,1,0
503,S2B_MSIL1C_20181218T061249_N0207_R134_T41RQK_20181218T080326,1,A,1,100.0,0.0,0.0,MAIN,0,0,0,0,0,1,1,0,0,0,0,0,0,0,0,0,0,0,0,0,0,0,0,0
504,S2B_MSIL1C_20181218T233759_N0207_R001_T50CMU_20181219T001420,1,A,1,100.0,0.0,0.0,MAIN,0,1,0,0,0,0,0,0,0,0,0,0,0,0,0,0,0,0,0,0,0,0,0,0
505,S2B_MSIL1C_20181220T002659_N0207_R016_T54JYP_20181220T014154,1,A,1,100.0,0.0,0.0,MAIN,0,0,0,0,0,0,1,1,0,0,0,0,0,0,0,0,0,0,0,0,0,0,0,0
506,S2B_MSIL1C_20181220T033139_N0207_R018_T48QVK_20181220T060651,3,A,0,4.839997549028994,95.16000245097099,0.0,VALIDATION,1,0,0,0,0,1,0,0,0,0,0,0,1,1,1,1,1,1,1,1,1,0,0,0
507,S2B_MSIL1C_20181220T033139_N0207_R018_T48SYC_20181220T060651,2,B,1,0.0,100.0,0.0,VALIDATION,0,0,1,1,0,1,0,0,0,0,0,1,1,0,1,0,1,1,0,0,1,0,1,0
508,S2B_MSIL1C_20181223T104419_N0207_R065_T29KQV_20181223T135252,3,B,1,0.0,100.0,0.0,MAIN,0,0,0,0,0,0,0,0,0,0,0,0,1,1,0,0,1,1,0,1,0,0,0,0
509,S2B_MSIL1C_20181224T171359_N0207_R083_T06CWV_20181224T195904,5,A,1,97.99891621125838,1.169381244710307,0.8317025440313109,MAIN,0,1,0,0,0,1,0,0,0,0,0,1,0,1,1,1,0,0,0,0,1,0,0,0
510,S2B_MSIL1C_20181225T100049_N0207_R093_T20CMR_20181225T113038,5,A,0,19.216187131636293,80.78381286836371,0.0,MAIN,0,1,0,0,0,0,0,0,0,0,0,1,1,1,1,0,1,1,0,1,1,0,0,0
511,S2B_MSIL1C_20181230T015059_N0207_R017_T53TPL_20181230T033426,3,A,0,56.104258179158315,43.895741820841685,0.0,MAIN,0,0,0,0,0,0,0,0,0,1,0,1,1,1,0,1,1,1,0,1,0,1,0,0
512,S2B_MSIL1C_20181230T033139_N0207_R018_T48QVH_20181230T084739,1,A,1,0.0,100.0,0.0,MAIN,0,0,0,0,0,0,0,0,0,0,0,0,1,1,1,0,1,1,1,1,0,0,0,0
